best_epoch,best_epoch/train/accuracy,best_epoch/train/auroc,best_epoch/train/f1,best_epoch/train/loss,best_epoch/train/precision,best_epoch/train/recall,best_epoch/val/accuracy,best_epoch/val/auroc,best_epoch/val/f1,best_epoch/val/loss,best_epoch/val/precision,best_epoch/val/recall,epoch,lr-Adam,step,train/accuracy,train/auroc,train/f1,train/loss,train/precision,train/recall,val/accuracy,val/auroc,val/f1,val/loss,val/precision,val/recall
,,,,,,,,,,,,,,0.001,0,,,,,,,,,,,,
0.0,,,,,,,,,,1.5752742290496826,,,0,,7,0.2961595356464386,0.593673825263977,0.2127699851989746,,0.2388002723455429,0.2196536809206009,0.5199409127235413,0.8296359181404114,0.4158446788787842,1.5752742290496826,0.5653658509254456,0.40445035696029663
,,,,,,,,,,,,,0,,7,,,,1.838685154914856,,,,,,,,
,,,,,,,,,,,,,,0.001,8,,,,,,,,,,,,
1.0,0.2961595356464386,0.593673825263977,0.2127699851989746,1.838685154914856,0.2388002723455429,0.2196536809206009,0.5199409127235413,0.8296359181404114,0.4158446788787842,1.277624249458313,0.5653658509254456,0.40445035696029663,1,,15,0.7215657234191895,0.9498117566108704,0.6432446241378784,,0.8119507431983948,0.599504828453064,0.6499261260032654,0.9141653180122375,0.5897172093391418,1.277624249458313,0.7282860279083252,0.5620821714401245
,,,,,,,,,,,,,1,,15,,,,1.254901647567749,,,,,,,,
,,,,,,,,,,,,,,0.001,16,,,,,,,,,,,,
2.0,0.7215657234191895,0.9498117566108704,0.6432446241378784,1.254901647567749,0.8119507431983948,0.599504828453064,0.6499261260032654,0.9141653180122375,0.5897172093391418,1.023043155670166,0.7282860279083252,0.5620821714401245,2,,23,0.8589364886283875,0.9860756993293762,0.8113243579864502,,0.9137686491012573,0.7786669731140137,0.7474150657653809,0.9392302632331848,0.7000452280044556,1.023043155670166,0.79502272605896,0.6780973076820374
,,,,,,,,,,,,,2,,23,,,,0.9050443172454834,,,,,,,,
,,,,,,,,,,,,,,0.001,24,,,,,,,,,,,,
3.0,0.8589364886283875,0.9860756993293762,0.8113243579864502,0.9050443172454834,0.9137686491012573,0.7786669731140137,0.7474150657653809,0.9392302632331848,0.7000452280044556,0.8511862754821777,0.79502272605896,0.6780973076820374,3,,31,0.9231905341148376,0.9954894781112671,0.8924546837806702,,0.9452555179595947,0.8690966367721558,0.7946824431419373,0.9499595761299133,0.7662369608879089,0.8511862754821777,0.8191984295845032,0.7528727054595947
,,,,,,,,,,,,,3,,31,,,,0.6094029545783997,,,,,,,,
,,,,,,,,,,,,,,0.001,32,,,,,,,,,,,,
4.0,0.9231905341148376,0.9954894781112671,0.8924546837806702,0.6094029545783997,0.9452555179595947,0.8690966367721558,0.7946824431419373,0.9499595761299133,0.7662369608879089,0.7437543272972107,0.8191984295845032,0.7528727054595947,4,,39,0.9645494818687439,0.9989839196205139,0.9477369785308838,,0.9669574499130249,0.9366944432258606,0.8124076724052429,0.9532702565193176,0.7940577268600464,0.7437543272972107,0.8286087512969971,0.7773793935775757
,,,,,,,,,,,,,4,,39,,,,0.3898833394050598,,,,,,,,
,,,,,,,,,,,,,,0.001,40,,,,,,,,,,,,
5.0,0.9645494818687439,0.9989839196205139,0.9477369785308838,0.3898833394050598,0.9669574499130249,0.9366944432258606,0.8124076724052429,0.9532702565193176,0.7940577268600464,0.6824228763580322,0.8286087512969971,0.7773793935775757,5,,47,0.9807976484298706,0.9995890855789185,0.9765324592590332,,0.9841184616088867,0.9697144627571106,0.8301329612731934,0.9545658826828003,0.8155731558799744,0.6824228763580322,0.8301743268966675,0.806429922580719
,,,,,,,,,,,,,5,,47,,,,0.2460402101278305,,,,,,,,
,,,,,,,,,,,,,,0.001,48,,,,,,,,,,,,
6.0,0.9807976484298706,0.9995890855789185,0.9765324592590332,0.2460402101278305,0.9841184616088867,0.9697144627571106,0.8301329612731934,0.9545658826828003,0.8155731558799744,0.6460774540901184,0.8301743268966675,0.806429922580719,6,,55,0.9911373853683472,0.9999710321426392,0.990150511264801,,0.9926004409790039,0.9878662824630737,0.8286558389663696,0.9562682509422302,0.8169373273849487,0.6460774540901184,0.8270881175994873,0.8132088780403137
,,,,,,,,,,,,,6,,55,,,,0.1666078418493271,,,,,,,,
,,,,,,,,,,,,,,0.001,56,,,,,,,,,,,,
,,,,,,,,,,,,,7,,63,0.9970458149909973,0.9999979138374329,0.9967354536056519,,0.9976323246955872,0.9958623647689819,0.8301329612731934,0.9569620490074158,0.8189242482185364,0.6311265826225281,0.826158881187439,0.8149071335792542
,,,,,,,,,,,,,7,,63,,,,0.10243763774633408,,,,,,,,
,,,,,,,,,,,,,,0.001,64,,,,,,,,,,,,
,,,,,,,,,,,,,8,,71,0.9985228776931763,0.9999993443489075,0.9983616471290588,,0.9984678626060486,0.9982650279998779,0.8257016539573669,0.9557914733886719,0.8128331303596497,0.6340732574462891,0.8187631368637085,0.8090994954109192
,,,,,,,,,,,,,8,,71,,,,0.07031626999378204,,,,,,,,
,,,,,,,,,,,,,,0.001,72,,,,,,,,,,,,
,,,,,,,,,,,,,9,,79,0.9992614388465881,1.0,0.9994930028915405,,0.9996782541275024,0.9993098378181458,0.8212702870368958,0.9559350609779358,0.8107081651687622,0.6393463015556335,0.8135111927986145,0.8091309666633606
,,,,,,,,,,,,,9,,79,,,,0.05167579650878906,,,,,,,,
,,,,,,,,,,,,,,0.001,80,,,,,,,,,,,,
,,,,,,,,,,,,,10,,87,0.9992614388465881,0.9999987483024597,0.9993012547492981,,0.9993131756782532,0.99929279088974,0.8227474093437195,0.9569743871688843,0.8132109642028809,0.6418978571891785,0.8147125840187073,0.8127592206001282
,,,,,,,,,,,,,10,,87,,,,0.04226844012737274,,,,,,,,
,,,,,,,,,,,,,,0.001,88,,,,,,,,,,,,
,,,,,,,,,,,,,11,,95,1.0,1.0,1.0,,1.0,1.0,0.8168389797210693,0.9564195871353149,0.806792676448822,0.6528353691101074,0.8069374561309814,0.8085442781448364
,,,,,,,,,,,,,11,,95,,,,0.03173283860087395,,,,,,,,
,,,,,,,,,,,,,,0.001,96,,,,,,,,,,,,
,,,,,,,,,,,,,12,,103,1.0,1.0,1.0,,1.0,1.0,0.8183161020278931,0.9558324813842773,0.8086048364639282,0.664058268070221,0.8099227547645569,0.8093041777610779
,,,,,,,,,,,,,12,,103,,,,0.020462345331907272,,,,,,,,
,,,,,,,,,,,,,,0.001,104,,,,,,,,,,,,
,,,,,,,,,,,,,13,,111,1.0,1.0,1.0,,1.0,1.0,0.8168389797210693,0.9554045796394348,0.8083451390266418,0.6739320158958435,0.8095930814743042,0.8090021014213562
,,,,,,,,,,,,,13,,111,,,,0.019191715866327286,,,,,,,,
,,,,,,,,,,,,,,0.001,112,,,,,,,,,,,,
,,,,,,,,,,,,,14,,119,1.0,1.0,1.0,,1.0,1.0,0.8138847947120667,0.9553448557853699,0.8060901761054993,0.6799291968345642,0.8067100048065186,0.8069551587104797
,,,,,,,,,,,,,14,,119,,,,0.015430547297000885,,,,,,,,
,,,,,,,,,,,,,,0.001,120,,,,,,,,,,,,
,,,,,,,,,,,,,15,,127,1.0,1.0,1.0,,1.0,1.0,0.8124076724052429,0.9550868272781372,0.8022505044937134,0.6868039965629578,0.8033771514892578,0.802399754524231
,,,,,,,,,,,,,15,,127,,,,0.013766965828835964,,,,,,,,
,,,,,,,,,,,,,,0.001,128,,,,,,,,,,,,
,,,,,,,,,,,,,16,,135,1.0,1.0,1.0,,1.0,1.0,0.8124076724052429,0.9548501372337341,0.8015776872634888,0.696466863155365,0.8031051754951477,0.8010786771774292
,,,,,,,,,,,,,16,,135,,,,0.014145364053547382,,,,,,,,
,,,,,,,,,,,,,,0.001,136,,,,,,,,,,,,
,,,,,,,,,,,,,17,,143,1.0,1.0,1.0,,1.0,1.0,0.8138847947120667,0.9544214606285095,0.802757978439331,0.7056869268417358,0.8038514852523804,0.8030092120170593
,,,,,,,,,,,,,17,,143,,,,0.010214093141257763,,,,,,,,
,,,,,,,,,,,,,,0.001,144,,,,,,,,,,,,
,,,,,,,,,,,,,18,,151,1.0,1.0,1.0,,1.0,1.0,0.8109305500984192,0.9540160894393921,0.7998266220092773,0.7163103818893433,0.799541175365448,0.8014894723892212
,,,,,,,,,,,,,18,,151,,,,0.012240518815815449,,,,,,,,
,,,,,,,,,,,,,,0.001,152,,,,,,,,,,,,
,,,,,,,,,,,,,19,,159,1.0,1.0,1.0,,1.0,1.0,0.8109305500984192,0.9539615511894226,0.7996718287467957,0.7234839797019958,0.7994985580444336,0.8014894723892212
,,,,,,,,,,,,,19,,159,,,,0.008066571317613125,,,,,,,,
,,,,,,,,,,,,,,0.001,160,,,,,,,,,,,,
,,,,,,,,,,,,,20,,167,1.0,1.0,1.0,,1.0,1.0,0.8050221800804138,0.9538868069648743,0.7944077253341675,0.7289217114448547,0.7943841814994812,0.7959760427474976
,,,,,,,,,,,,,20,,167,,,,0.007294469978660345,,,,,,,,
,,,,,,,,,,,,,,0.001,168,,,,,,,,,,,,
,,,,,,,,,,,,,21,,175,1.0,1.0,1.0,,1.0,1.0,0.8064992427825928,0.9537984132766724,0.7954821586608887,0.7327761650085449,0.7952038645744324,0.7972515225410461
,,,,,,,,,,,,,21,,175,,,,0.006605533417314291,,,,,,,,
,,,,,,,,,,,,,,0.001,176,,,,,,,,,,,,
,,,,,,,,,,,,,22,,183,1.0,1.0,1.0,,1.0,1.0,0.8035450577735901,0.9537262916564941,0.7947700023651123,0.7405490875244141,0.7928378582000732,0.79788738489151
,,,,,,,,,,,,,22,,183,,,,0.009221713989973068,,,,,,,,
,,,,,,,,,,,,,,0.001,184,,,,,,,,,,,,
,,,,,,,,,,,,,23,,191,1.0,1.0,1.0,,1.0,1.0,0.8035450577735901,0.9532851576805115,0.794944167137146,0.7492104768753052,0.7929710149765015,0.79788738489151
,,,,,,,,,,,,,23,,191,,,,0.005876985378563404,,,,,,,,
,,,,,,,,,,,,,,0.001,192,,,,,,,,,,,,
,,,,,,,,,,,,,24,,199,1.0,1.0,1.0,,1.0,1.0,0.8035450577735901,0.952987015247345,0.794944167137146,0.7571277022361755,0.7929710149765015,0.79788738489151
,,,,,,,,,,,,,24,,199,,,,0.00560505036264658,,,,,,,,
,,,,,,,,,,,,,,0.001,200,,,,,,,,,,,,
,,,,,,,,,,,,,25,,207,1.0,1.0,1.0,,1.0,1.0,0.8035450577735901,0.9527923464775085,0.794944167137146,0.7629480361938477,0.7929710149765015,0.79788738489151
,,,,,,,,,,,,,25,,207,,,,0.005129448138177395,,,,,,,,
,,,,,,,,,,,,,,0.001,208,,,,,,,,,,,,
,,,,,,,,,,,,,26,,215,1.0,1.0,1.0,,1.0,1.0,0.8050221800804138,0.9527379870414734,0.7959213852882385,0.7681295275688171,0.794211208820343,0.7986472249031067
,,,,,,,,,,,,,26,,215,,,,0.004571312572807074,,,,,,,,
,,,,,,,,,,,,,,0.001,216,,,,,,,,,,,,
,,,,,,,,,,,,,27,,223,1.0,1.0,1.0,,1.0,1.0,0.8020679354667664,0.952592670917511,0.7926363945007324,0.7737854719161987,0.7903561592102051,0.7963513135910034
,,,,,,,,,,,,,27,,223,,,,0.0045949192717671394,,,,,,,,
,,,,,,,,,,,,,,0.001,224,,,,,,,,,,,,
,,,,,,,,,,,,,28,,231,1.0,1.0,1.0,,1.0,1.0,0.8020679354667664,0.9525331854820251,0.7926363945007324,0.7784580588340759,0.7903561592102051,0.7963513135910034
,,,,,,,,,,,,,28,,231,,,,0.004042908549308777,,,,,,,,
,,,,,,,,,,,,,,0.001,232,,,,,,,,,,,,
,,,,,,,,,,,,,29,,239,1.0,1.0,1.0,,1.0,1.0,0.7991137504577637,0.9524192810058594,0.7889297604560852,0.7829310297966003,0.7875745296478271,0.7915636301040649
,,,,,,,,,,,,,29,,239,,,,0.004241565242409706,,,,,,,,
,,,,,,,,,,,,,,0.001,240,,,,,,,,,,,,
,,,,,,,,,,,,,30,,247,1.0,1.0,1.0,,1.0,1.0,0.7991137504577637,0.9523392915725708,0.7891519069671631,0.7880131602287292,0.7880570888519287,0.7915636301040649
,,,,,,,,,,,,,30,,247,,,,0.0040199109353125095,,,,,,,,
,,,,,,,,,,,,,,0.001,248,,,,,,,,,,,,
,,,,,,,,,,,,,31,,255,1.0,1.0,1.0,,1.0,1.0,0.7991137504577637,0.9523118138313293,0.7891519069671631,0.7927770614624023,0.7880570888519287,0.7915636301040649
,,,,,,,,,,,,,31,,255,,,,0.0032217963598668575,,,,,,,,
,,,,,,,,,,,,,,0.001,256,,,,,,,,,,,,
,,,,,,,,,,,,,32,,263,1.0,1.0,1.0,,1.0,1.0,0.7976366281509399,0.9522894620895386,0.7874879240989685,0.79686439037323,0.7865326404571533,0.7896331548690796
,,,,,,,,,,,,,32,,263,,,,0.0029309827368706465,,,,,,,,
,,,,,,,,,,,,,,0.001,264,,,,,,,,,,,,
,,,,,,,,,,,,,33,,271,1.0,1.0,1.0,,1.0,1.0,0.7976366281509399,0.9522603750228882,0.7876595854759216,0.8002607822418213,0.7866799831390381,0.7896331548690796
,,,,,,,,,,,,,33,,271,,,,0.002665430773049593,,,,,,,,
,,,,,,,,,,,,,,0.001,272,,,,,,,,,,,,
,,,,,,,,,,,,,34,,279,1.0,1.0,1.0,,1.0,1.0,0.8020679354667664,0.9522830247879028,0.7927843928337097,0.803226888179779,0.7909695506095886,0.7957660555839539
,,,,,,,,,,,,,34,,279,,,,0.0030254023149609566,,,,,,,,
,,,,,,,,,,,,,,0.001,280,,,,,,,,,,,,
,,,,,,,,,,,,,35,,287,1.0,1.0,1.0,,1.0,1.0,0.8020679354667664,0.9523175954818726,0.7927843928337097,0.8064596652984619,0.7909695506095886,0.7957660555839539
,,,,,,,,,,,,,35,,287,,,,0.0025090789422392845,,,,,,,,
,,,,,,,,,,,,,,0.001,288,,,,,,,,,,,,
,,,,,,,,,,,,,36,,295,1.0,1.0,1.0,,1.0,1.0,0.8020679354667664,0.9523559212684631,0.7928363680839539,0.8095813989639282,0.7910031080245972,0.7957660555839539
,,,,,,,,,,,,,36,,295,,,,0.002453599125146866,,,,,,,,
,,,,,,,,,,,,,,0.001,296,,,,,,,,,,,,
,,,,,,,,,,,,,37,,303,1.0,1.0,1.0,,1.0,1.0,0.8035450577735901,0.9522672891616821,0.7952048778533936,0.8131006956100464,0.7936055660247803,0.797696590423584
,,,,,,,,,,,,,37,,303,,,,0.0022523687221109867,,,,,,,,
,,,,,,,,,,,,,,0.001,304,,,,,,,,,,,,
,,,,,,,,,,,,,38,,311,1.0,1.0,1.0,,1.0,1.0,0.8035450577735901,0.9521762132644653,0.7950024604797363,0.8167652487754822,0.7933834195137024,0.797696590423584
,,,,,,,,,,,,,38,,311,,,,0.0022351194638758898,,,,,,,,
,,,,,,,,,,,,,,0.001,312,,,,,,,,,,,,
,,,,,,,,,,,,,39,,319,1.0,1.0,1.0,,1.0,1.0,0.8035450577735901,0.9522014856338501,0.7950024604797363,0.8194810748100281,0.7933834195137024,0.797696590423584
,,,,,,,,,,,,,39,,319,,,,0.002180159091949463,,,,,,,,
,,,,,,,,,,,,,,0.001,320,,,,,,,,,,,,
,,,,,,,,,,,,,40,,327,1.0,1.0,1.0,,1.0,1.0,0.8035450577735901,0.952123761177063,0.7950315475463867,0.8230817317962646,0.793531596660614,0.797696590423584
,,,,,,,,,,,,,40,,327,,,,0.002035384299233556,,,,,,,,
,,,,,,,,,,,,,,0.001,328,,,,,,,,,,,,
,,,,,,,,,,,,,41,,335,1.0,1.0,1.0,,1.0,1.0,0.8050221800804138,0.9520883560180664,0.7960343360900879,0.8260232210159302,0.7942229509353638,0.798983633518219
,,,,,,,,,,,,,41,,335,,,,0.001909701619297266,,,,,,,,
,,,,,,,,,,,,,,0.001,336,,,,,,,,,,,,
,,,,,,,,,,,,,42,,343,1.0,1.0,1.0,,1.0,1.0,0.8035450577735901,0.9520760178565979,0.7950315475463867,0.8293328285217285,0.793531596660614,0.797696590423584
,,,,,,,,,,,,,42,,343,,,,0.0019599045626819134,,,,,,,,
,,,,,,,,,,,,,,0.001,344,,,,,,,,,,,,
,,,,,,,,,,,,,43,,351,1.0,1.0,1.0,,1.0,1.0,0.8035450577735901,0.9520326256752014,0.7945709824562073,0.8332419395446777,0.7937494516372681,0.7965258955955505
,,,,,,,,,,,,,43,,351,,,,0.001816891715861857,,,,,,,,
,,,,,,,,,,,,,,0.001,352,,,,,,,,,,,,
,,,,,,,,,,,,,44,,359,1.0,1.0,1.0,,1.0,1.0,0.8035450577735901,0.9520252346992493,0.7945709824562073,0.8365644216537476,0.7937494516372681,0.7965258955955505
,,,,,,,,,,,,,44,,359,,,,0.001595509354956448,,,,,,,,
,,,,,,,,,,,,,,0.001,360,,,,,,,,,,,,
,,,,,,,,,,,,,45,,367,1.0,1.0,1.0,,1.0,1.0,0.8035450577735901,0.9519359469413757,0.7945709824562073,0.8396452069282532,0.7937494516372681,0.7965258955955505
,,,,,,,,,,,,,45,,367,,,,0.001719936029985547,,,,,,,,
,,,,,,,,,,,,,,0.001,368,,,,,,,,,,,,
,,,,,,,,,,,,,46,,375,1.0,1.0,1.0,,1.0,1.0,0.8035450577735901,0.9518505334854126,0.7945709824562073,0.8426259160041809,0.7937494516372681,0.7965258955955505
,,,,,,,,,,,,,46,,375,,,,0.0016021978808566928,,,,,,,,
,,,,,,,,,,,,,,0.001,376,,,,,,,,,,,,
,,,,,,,,,,,,,47,,383,1.0,1.0,1.0,,1.0,1.0,0.8035450577735901,0.9518541693687439,0.7945709824562073,0.8452744483947754,0.7937494516372681,0.7965258955955505
,,,,,,,,,,,,,47,,383,,,,0.0014337805332615972,,,,,,,,
,,,,,,,,,,,,,,0.001,384,,,,,,,,,,,,
,,,,,,,,,,,,,48,,391,1.0,1.0,1.0,,1.0,1.0,0.8050221800804138,0.9518421292304993,0.7966272234916687,0.8473174571990967,0.7950093150138855,0.7993830442428589
,,,,,,,,,,,,,48,,391,,,,0.0014070403994992375,,,,,,,,
,,,,,,,,,,,,,,0.001,392,,,,,,,,,,,,
,,,,,,,,,,,,,49,,399,1.0,1.0,1.0,,1.0,1.0,0.8035450577735901,0.9517285227775574,0.7945709824562073,0.8505530953407288,0.7937494516372681,0.7965258955955505
,,,,,,,,,,,,,49,,399,,,,0.001457689912058413,,,,,,,,
,,,,,,,,,,,,,,0.0005,400,,,,,,,,,,,,
,,,,,,,,,,,,,50,,407,1.0,1.0,1.0,,1.0,1.0,0.8035450577735901,0.9517188668251038,0.7945709824562073,0.8519095778465271,0.7937494516372681,0.7965258955955505
,,,,,,,,,,,,,50,,407,,,,0.0013519832864403725,,,,,,,,
,,,,,,,,,,,,,,0.0005,408,,,,,,,,,,,,
,,,,,,,,,,,,,51,,415,1.0,1.0,1.0,,1.0,1.0,0.8035450577735901,0.9517061114311218,0.7945709824562073,0.8533036708831787,0.7937494516372681,0.7965258955955505
,,,,,,,,,,,,,51,,415,,,,0.0015779801178723574,,,,,,,,
,,,,,,,,,,,,,,0.0005,416,,,,,,,,,,,,
,,,,,,,,,,,,,52,,423,1.0,1.0,1.0,,1.0,1.0,0.8050221800804138,0.9515779614448547,0.7964432239532471,0.8556580543518066,0.7960492372512817,0.7978014349937439
,,,,,,,,,,,,,52,,423,,,,0.001355835935100913,,,,,,,,
,,,,,,,,,,,,,,0.0005,424,,,,,,,,,,,,
,,,,,,,,,,,,,53,,431,1.0,1.0,1.0,,1.0,1.0,0.8050221800804138,0.9514870643615723,0.7964432239532471,0.8578452467918396,0.7960492372512817,0.7978014349937439
,,,,,,,,,,,,,53,,431,,,,0.0014454538468271494,,,,,,,,
,,,,,,,,,,,,,,0.0005,432,,,,,,,,,,,,
,,,,,,,,,,,,,54,,439,1.0,1.0,1.0,,1.0,1.0,0.8050221800804138,0.9514325857162476,0.7958981990814209,0.8596451282501221,0.7950046062469482,0.7978014349937439
,,,,,,,,,,,,,54,,439,,,,0.0011776720639318228,,,,,,,,
,,,,,,,,,,,,,,0.0005,440,,,,,,,,,,,,
,,,,,,,,,,,,,55,,447,1.0,1.0,1.0,,1.0,1.0,0.8050221800804138,0.9513518214225769,0.7958981990814209,0.8614383935928345,0.7950046062469482,0.7978014349937439
,,,,,,,,,,,,,55,,447,,,,0.0013193325139582157,,,,,,,,
,,,,,,,,,,,,,,0.0005,448,,,,,,,,,,,,
,,,,,,,,,,,,,56,,455,1.0,1.0,1.0,,1.0,1.0,0.8050221800804138,0.9513357877731323,0.7958981990814209,0.8629773259162903,0.7950046062469482,0.7978014349937439
,,,,,,,,,,,,,56,,455,,,,0.0012761222897097468,,,,,,,,
,,,,,,,,,,,,,,0.0005,456,,,,,,,,,,,,
,,,,,,,,,,,,,57,,463,1.0,1.0,1.0,,1.0,1.0,0.8050221800804138,0.9513483643531799,0.7958981990814209,0.8641875982284546,0.7950046062469482,0.7978014349937439
,,,,,,,,,,,,,57,,463,,,,0.0011587018379941583,,,,,,,,
,,,,,,,,,,,,,,0.0005,464,,,,,,,,,,,,
,,,,,,,,,,,,,58,,471,1.0,1.0,1.0,,1.0,1.0,0.8050221800804138,0.951359748840332,0.7958981990814209,0.8656267523765564,0.7950046062469482,0.7978014349937439
,,,,,,,,,,,,,58,,471,,,,0.0011896289652213454,,,,,,,,
,,,,,,,,,,,,,,0.0005,472,,,,,,,,,,,,
,,,,,,,,,,,,,59,,479,1.0,1.0,1.0,,1.0,1.0,0.8050221800804138,0.9513736367225647,0.7958981990814209,0.866694450378418,0.7950046062469482,0.7978014349937439
,,,,,,,,,,,,,59,,479,,,,0.0011323938379064202,,,,,,,,
,,,,,,,,,,,,,,0.0005,480,,,,,,,,,,,,
,,,,,,,,,,,,,60,,487,1.0,1.0,1.0,,1.0,1.0,0.8050221800804138,0.9513986706733704,0.7958981990814209,0.8677171468734741,0.7950046062469482,0.7978014349937439
,,,,,,,,,,,,,60,,487,,,,0.0011110411724075675,,,,,,,,
,,,,,,,,,,,,,,0.0005,488,,,,,,,,,,,,
,,,,,,,,,,,,,61,,495,1.0,1.0,1.0,,1.0,1.0,0.8050221800804138,0.9514221549034119,0.7958981990814209,0.8689420819282532,0.7950046062469482,0.7978014349937439
,,,,,,,,,,,,,61,,495,,,,0.0013165788259357214,,,,,,,,
,,,,,,,,,,,,,,0.0005,496,,,,,,,,,,,,
,,,,,,,,,,,,,62,,503,1.0,1.0,1.0,,1.0,1.0,0.8050221800804138,0.9514250755310059,0.7958981990814209,0.8708306550979614,0.7950046062469482,0.7978014349937439
,,,,,,,,,,,,,62,,503,,,,0.001352486782707274,,,,,,,,
,,,,,,,,,,,,,,0.0005,504,,,,,,,,,,,,
,,,,,,,,,,,,,63,,511,1.0,1.0,1.0,,1.0,1.0,0.8050221800804138,0.9513626098632812,0.7957147359848022,0.8740643858909607,0.7941461801528931,0.7983285784721375
,,,,,,,,,,,,,63,,511,,,,0.0014312476851046085,,,,,,,,
,,,,,,,,,,,,,,0.0005,512,,,,,,,,,,,,
,,,,,,,,,,,,,64,,519,1.0,1.0,1.0,,1.0,1.0,0.8050221800804138,0.9512514472007751,0.7962597608566284,0.8777814507484436,0.795190691947937,0.7983285784721375
,,,,,,,,,,,,,64,,519,,,,0.0010356077691540122,,,,,,,,
,,,,,,,,,,,,,,0.0005,520,,,,,,,,,,,,
,,,,,,,,,,,,,65,,527,1.0,1.0,1.0,,1.0,1.0,0.8050221800804138,0.9512144923210144,0.7962597608566284,0.8801904320716858,0.795190691947937,0.7983285784721375
,,,,,,,,,,,,,65,,527,,,,0.00114075792953372,,,,,,,,
,,,,,,,,,,,,,,0.0005,528,,,,,,,,,,,,
,,,,,,,,,,,,,66,,535,1.0,1.0,1.0,,1.0,1.0,0.8050221800804138,0.9512155652046204,0.7962597608566284,0.8820677399635315,0.795190691947937,0.7983285784721375
,,,,,,,,,,,,,66,,535,,,,0.0009830305352807045,,,,,,,,
,,,,,,,,,,,,,,0.0005,536,,,,,,,,,,,,
,,,,,,,,,,,,,67,,543,1.0,1.0,1.0,,1.0,1.0,0.8035450577735901,0.9511706233024597,0.7940078377723694,0.8836377859115601,0.7926768064498901,0.7963981032371521
,,,,,,,,,,,,,67,,543,,,,0.0012142714112997055,,,,,,,,
,,,,,,,,,,,,,,0.0005,544,,,,,,,,,,,,
,,,,,,,,,,,,,68,,551,1.0,1.0,1.0,,1.0,1.0,0.8020679354667664,0.9511823654174805,0.7924824953079224,0.8850783705711365,0.7903960347175598,0.7956382036209106
,,,,,,,,,,,,,68,,551,,,,0.0010499851778149605,,,,,,,,
,,,,,,,,,,,,,,0.0005,552,,,,,,,,,,,,
,,,,,,,,,,,,,69,,559,1.0,1.0,1.0,,1.0,1.0,0.8020679354667664,0.9510952234268188,0.7924824953079224,0.8865710496902466,0.7903960347175598,0.7956382036209106
,,,,,,,,,,,,,69,,559,,,,0.0009945088531821966,,,,,,,,
,,,,,,,,,,,,,,0.0005,560,,,,,,,,,,,,
,,,,,,,,,,,,,70,,567,1.0,1.0,1.0,,1.0,1.0,0.8005908131599426,0.9510695338249207,0.7909526824951172,0.8881348967552185,0.7880593538284302,0.7948783040046692
,,,,,,,,,,,,,70,,567,,,,0.0009172668214887381,,,,,,,,
,,,,,,,,,,,,,,0.0005,568,,,,,,,,,,,,
,,,,,,,,,,,,,71,,575,1.0,1.0,1.0,,1.0,1.0,0.8005908131599426,0.9510421752929688,0.7909526824951172,0.8895200490951538,0.7880593538284302,0.7948783040046692
,,,,,,,,,,,,,71,,575,,,,0.0009491087985225022,,,,,,,,
,,,,,,,,,,,,,,0.0005,576,,,,,,,,,,,,
,,,,,,,,,,,,,72,,583,1.0,1.0,1.0,,1.0,1.0,0.8005908131599426,0.9509955048561096,0.7909526824951172,0.8905993700027466,0.7880593538284302,0.7948783040046692
,,,,,,,,,,,,,72,,583,,,,0.0009921499295160174,,,,,,,,
,,,,,,,,,,,,,,0.0005,584,,,,,,,,,,,,
,,,,,,,,,,,,,73,,591,1.0,1.0,1.0,,1.0,1.0,0.8005908131599426,0.9509356617927551,0.7909526824951172,0.8916293978691101,0.7880593538284302,0.7948783040046692
,,,,,,,,,,,,,73,,591,,,,0.0009792860364541411,,,,,,,,
,,,,,,,,,,,,,,0.0005,592,,,,,,,,,,,,
,,,,,,,,,,,,,74,,599,1.0,1.0,1.0,,1.0,1.0,0.8005908131599426,0.9509359002113342,0.7909526824951172,0.8927283883094788,0.7880593538284302,0.7948783040046692
,,,,,,,,,,,,,74,,599,,,,0.0009216016624122858,,,,,,,,
,,,,,,,,,,,,,,0.0005,600,,,,,,,,,,,,
,,,,,,,,,,,,,75,,607,1.0,1.0,1.0,,1.0,1.0,0.8005908131599426,0.9509307146072388,0.7909526824951172,0.8937299251556396,0.7880593538284302,0.7948783040046692
,,,,,,,,,,,,,75,,607,,,,0.0008670252282172441,,,,,,,,
,,,,,,,,,,,,,,0.0005,608,,,,,,,,,,,,
,,,,,,,,,,,,,76,,615,1.0,1.0,1.0,,1.0,1.0,0.8005908131599426,0.9509045481681824,0.7909526824951172,0.8949384093284607,0.7880593538284302,0.7948783040046692
,,,,,,,,,,,,,76,,615,,,,0.0009134039864875376,,,,,,,,
,,,,,,,,,,,,,,0.0005,616,,,,,,,,,,,,
,,,,,,,,,,,,,77,,623,1.0,1.0,1.0,,1.0,1.0,0.8005908131599426,0.950919508934021,0.7909526824951172,0.8960745930671692,0.7880593538284302,0.7948783040046692
,,,,,,,,,,,,,77,,623,,,,0.0009962350595742464,,,,,,,,
,,,,,,,,,,,,,,0.0005,624,,,,,,,,,,,,
,,,,,,,,,,,,,78,,631,1.0,1.0,1.0,,1.0,1.0,0.7991137504577637,0.9509000182151794,0.7895285487174988,0.8969468474388123,0.7865962386131287,0.7935912609100342
,,,,,,,,,,,,,78,,631,,,,0.0008313371217809618,,,,,,,,
,,,,,,,,,,,,,,0.0005,632,,,,,,,,,,,,
,,,,,,,,,,,,,79,,639,1.0,1.0,1.0,,1.0,1.0,0.8005908131599426,0.9509394764900208,0.7905344367027283,0.8976173400878906,0.7879701852798462,0.7943511605262756
,,,,,,,,,,,,,79,,639,,,,0.0008358301711268723,,,,,,,,
,,,,,,,,,,,,,,0.0005,640,,,,,,,,,,,,
,,,,,,,,,,,,,80,,647,1.0,1.0,1.0,,1.0,1.0,0.8005908131599426,0.9509590864181519,0.7905344367027283,0.8984318375587463,0.7879701852798462,0.7943511605262756
,,,,,,,,,,,,,80,,647,,,,0.0007973997853696346,,,,,,,,
,,,,,,,,,,,,,,0.0005,648,,,,,,,,,,,,
,,,,,,,,,,,,,81,,655,1.0,1.0,1.0,,1.0,1.0,0.8005908131599426,0.9509501457214355,0.7905344367027283,0.8994451761245728,0.7879701852798462,0.7943511605262756
,,,,,,,,,,,,,81,,655,,,,0.0008567399345338345,,,,,,,,
,,,,,,,,,,,,,,0.0005,656,,,,,,,,,,,,
,,,,,,,,,,,,,82,,663,1.0,1.0,1.0,,1.0,1.0,0.7991137504577637,0.9509576559066772,0.7895285487174988,0.9011508226394653,0.7865962386131287,0.7935912609100342
,,,,,,,,,,,,,82,,663,,,,0.0008714644936844707,,,,,,,,
,,,,,,,,,,,,,,0.0005,664,,,,,,,,,,,,
,,,,,,,,,,,,,83,,671,1.0,1.0,1.0,,1.0,1.0,0.7991137504577637,0.9508322477340698,0.7895285487174988,0.9033751487731934,0.7865962386131287,0.7935912609100342
,,,,,,,,,,,,,83,,671,,,,0.0007752772653475404,,,,,,,,
,,,,,,,,,,,,,,0.0005,672,,,,,,,,,,,,
,,,,,,,,,,,,,84,,679,1.0,1.0,1.0,,1.0,1.0,0.7991137504577637,0.9507748484611511,0.7895285487174988,0.9049800038337708,0.7865962386131287,0.7935912609100342
,,,,,,,,,,,,,84,,679,,,,0.0008913477067835629,,,,,,,,
,,,,,,,,,,,,,,0.0005,680,,,,,,,,,,,,
,,,,,,,,,,,,,85,,687,1.0,1.0,1.0,,1.0,1.0,0.7991137504577637,0.950770914554596,0.7895285487174988,0.9063185453414917,0.7865962386131287,0.7935912609100342
,,,,,,,,,,,,,85,,687,,,,0.0006685028201900423,,,,,,,,
,,,,,,,,,,,,,,0.0005,688,,,,,,,,,,,,
,,,,,,,,,,,,,86,,695,1.0,1.0,1.0,,1.0,1.0,0.7991137504577637,0.950759768486023,0.7895285487174988,0.907451868057251,0.7865962386131287,0.7935912609100342
,,,,,,,,,,,,,86,,695,,,,0.0007535975892096758,,,,,,,,
,,,,,,,,,,,,,,0.0005,696,,,,,,,,,,,,
,,,,,,,,,,,,,87,,703,1.0,1.0,1.0,,1.0,1.0,0.7991137504577637,0.9507718086242676,0.7895285487174988,0.9085835814476013,0.7865962386131287,0.7935912609100342
,,,,,,,,,,,,,87,,703,,,,0.0007117697387002409,,,,,,,,
,,,,,,,,,,,,,,0.0005,704,,,,,,,,,,,,
,,,,,,,,,,,,,88,,711,1.0,1.0,1.0,,1.0,1.0,0.7991137504577637,0.9507991671562195,0.7895285487174988,0.9098215103149414,0.7865962386131287,0.7935912609100342
,,,,,,,,,,,,,88,,711,,,,0.0006788643077015877,,,,,,,,
,,,,,,,,,,,,,,0.0005,712,,,,,,,,,,,,
,,,,,,,,,,,,,89,,719,1.0,1.0,1.0,,1.0,1.0,0.7991137504577637,0.9507724642753601,0.7895285487174988,0.9110958576202393,0.7865962386131287,0.7935912609100342
,,,,,,,,,,,,,89,,719,,,,0.0006894110119901597,,,,,,,,
,,,,,,,,,,,,,,0.0005,720,,,,,,,,,,,,
,,,,,,,,,,,,,90,,727,1.0,1.0,1.0,,1.0,1.0,0.7991137504577637,0.9507521390914917,0.7895285487174988,0.9123342037200928,0.7865962386131287,0.7935912609100342
,,,,,,,,,,,,,90,,727,,,,0.0007591944886371493,,,,,,,,
,,,,,,,,,,,,,,0.0005,728,,,,,,,,,,,,
,,,,,,,,,,,,,91,,735,1.0,1.0,1.0,,1.0,1.0,0.7991137504577637,0.9507288336753845,0.7895285487174988,0.9135947823524475,0.7865962386131287,0.7935912609100342
,,,,,,,,,,,,,91,,735,,,,0.0007163994596339762,,,,,,,,
,,,,,,,,,,,,,,0.0005,736,,,,,,,,,,,,
,,,,,,,,,,,,,92,,743,1.0,1.0,1.0,,1.0,1.0,0.7991137504577637,0.9507260918617249,0.7895285487174988,0.9147608280181885,0.7865962386131287,0.7935912609100342
,,,,,,,,,,,,,92,,743,,,,0.0006493590190075338,,,,,,,,
,,,,,,,,,,,,,,0.0005,744,,,,,,,,,,,,
,,,,,,,,,,,,,93,,751,1.0,1.0,1.0,,1.0,1.0,0.7991137504577637,0.9504963755607605,0.7899522185325623,0.9183163642883301,0.7873696088790894,0.7935912609100342
,,,,,,,,,,,,,93,,751,,,,0.0008841395028866827,,,,,,,,
,,,,,,,,,,,,,,0.0005,752,,,,,,,,,,,,
,,,,,,,,,,,,,94,,759,1.0,1.0,1.0,,1.0,1.0,0.7991137504577637,0.9503908157348633,0.7899522185325623,0.9203903079032898,0.7873696088790894,0.7935912609100342
,,,,,,,,,,,,,94,,759,,,,0.0006334013305604458,,,,,,,,
,,,,,,,,,,,,,,0.0005,760,,,,,,,,,,,,
,,,,,,,,,,,,,95,,767,1.0,1.0,1.0,,1.0,1.0,0.8005908131599426,0.9503564834594727,0.7911390066146851,0.9220642447471619,0.7889288067817688,0.7943511605262756
,,,,,,,,,,,,,95,,767,,,,0.0006233409512788057,,,,,,,,
,,,,,,,,,,,,,,0.0005,768,,,,,,,,,,,,
,,,,,,,,,,,,,96,,775,1.0,1.0,1.0,,1.0,1.0,0.8005908131599426,0.9503135085105896,0.7911390066146851,0.9236553907394409,0.7889288067817688,0.7943511605262756
,,,,,,,,,,,,,96,,775,,,,0.0007902520010247827,,,,,,,,
,,,,,,,,,,,,,,0.0005,776,,,,,,,,,,,,
,,,,,,,,,,,,,97,,783,1.0,1.0,1.0,,1.0,1.0,0.7991137504577637,0.9502021074295044,0.7895285487174988,0.9260966181755066,0.7865962386131287,0.7935912609100342
,,,,,,,,,,,,,97,,783,,,,0.0006266579148359597,,,,,,,,
,,,,,,,,,,,,,,0.0005,784,,,,,,,,,,,,
,,,,,,,,,,,,,98,,791,1.0,1.0,1.0,,1.0,1.0,0.7991137504577637,0.9501888155937195,0.7895285487174988,0.9278687238693237,0.7865962386131287,0.7935912609100342
,,,,,,,,,,,,,98,,791,,,,0.0006748032756149769,,,,,,,,
,,,,,,,,,,,,,,0.0005,792,,,,,,,,,,,,
,,,,,,,,,,,,,99,,799,1.0,1.0,1.0,,1.0,1.0,0.7991137504577637,0.9501902461051941,0.7895285487174988,0.9290571212768555,0.7865962386131287,0.7935912609100342
,,,,,,,,,,,,,99,,799,,,,0.0006082679028622806,,,,,,,,
,,,,,,,,,,,,,,0.00025,800,,,,,,,,,,,,
,,,,,,,,,,,,,100,,807,1.0,1.0,1.0,,1.0,1.0,0.7991137504577637,0.950190544128418,0.7895285487174988,0.9295984506607056,0.7865962386131287,0.7935912609100342
,,,,,,,,,,,,,100,,807,,,,0.0005758238257840276,,,,,,,,
,,,,,,,,,,,,,,0.00025,808,,,,,,,,,,,,
,,,,,,,,,,,,,101,,815,1.0,1.0,1.0,,1.0,1.0,0.7991137504577637,0.9501777291297913,0.7895285487174988,0.9301123023033142,0.7865962386131287,0.7935912609100342
,,,,,,,,,,,,,101,,815,,,,0.0006097960285842419,,,,,,,,
,,,,,,,,,,,,,,0.00025,816,,,,,,,,,,,,
,,,,,,,,,,,,,102,,823,1.0,1.0,1.0,,1.0,1.0,0.7991137504577637,0.9501513242721558,0.7895285487174988,0.9307743310928345,0.7865962386131287,0.7935912609100342
,,,,,,,,,,,,,102,,823,,,,0.0006188484258018434,,,,,,,,
,,,,,,,,,,,,,,0.00025,824,,,,,,,,,,,,
,,,,,,,,,,,,,103,,831,1.0,1.0,1.0,,1.0,1.0,0.7991137504577637,0.9501456022262573,0.7895285487174988,0.9313516020774841,0.7865962386131287,0.7935912609100342
,,,,,,,,,,,,,103,,831,,,,0.0005660081515088677,,,,,,,,
,,,,,,,,,,,,,,0.00025,832,,,,,,,,,,,,
,,,,,,,,,,,,,104,,839,1.0,1.0,1.0,,1.0,1.0,0.7991137504577637,0.9501410722732544,0.7895285487174988,0.9318297505378723,0.7865962386131287,0.7935912609100342
,,,,,,,,,,,,,104,,839,,,,0.0006510475068353117,,,,,,,,
,,,,,,,,,,,,,,0.00025,840,,,,,,,,,,,,
,,,,,,,,,,,,,105,,847,1.0,1.0,1.0,,1.0,1.0,0.7991137504577637,0.9501575231552124,0.7895285487174988,0.9323399662971497,0.7865962386131287,0.7935912609100342
,,,,,,,,,,,,,105,,847,,,,0.0005799761274829507,,,,,,,,
,,,,,,,,,,,,,,0.00025,848,,,,,,,,,,,,
,,,,,,,,,,,,,106,,855,1.0,1.0,1.0,,1.0,1.0,0.7991137504577637,0.9501646757125854,0.7895285487174988,0.932870090007782,0.7865962386131287,0.7935912609100342
,,,,,,,,,,,,,106,,855,,,,0.0006281245150603354,,,,,,,,
,,,,,,,,,,,,,,0.00025,856,,,,,,,,,,,,
,,,,,,,,,,,,,107,,863,1.0,1.0,1.0,,1.0,1.0,0.7991137504577637,0.9501730799674988,0.7895285487174988,0.9333967566490173,0.7865962386131287,0.7935912609100342
,,,,,,,,,,,,,107,,863,,,,0.0005811809678561985,,,,,,,,
,,,,,,,,,,,,,,0.00025,864,,,,,,,,,,,,
,,,,,,,,,,,,,108,,871,1.0,1.0,1.0,,1.0,1.0,0.7991137504577637,0.9501679539680481,0.7895285487174988,0.9339125156402588,0.7865962386131287,0.7935912609100342
,,,,,,,,,,,,,108,,871,,,,0.0005690777907148004,,,,,,,,
,,,,,,,,,,,,,,0.00025,872,,,,,,,,,,,,
,,,,,,,,,,,,,109,,879,1.0,1.0,1.0,,1.0,1.0,0.7991137504577637,0.950203537940979,0.7895285487174988,0.934368908405304,0.7865962386131287,0.7935912609100342
,,,,,,,,,,,,,109,,879,,,,0.0005792501615360379,,,,,,,,
,,,,,,,,,,,,,,0.00025,880,,,,,,,,,,,,
,,,,,,,,,,,,,110,,887,1.0,1.0,1.0,,1.0,1.0,0.7991137504577637,0.950165331363678,0.7895285487174988,0.9348595142364502,0.7865962386131287,0.7935912609100342
,,,,,,,,,,,,,110,,887,,,,0.0005955816595815122,,,,,,,,
,,,,,,,,,,,,,,0.00025,888,,,,,,,,,,,,
,,,,,,,,,,,,,111,,895,1.0,1.0,1.0,,1.0,1.0,0.7991137504577637,0.9501510262489319,0.7895285487174988,0.9353090524673462,0.7865962386131287,0.7935912609100342
,,,,,,,,,,,,,111,,895,,,,0.0006504582706838846,,,,,,,,
,,,,,,,,,,,,,,0.00025,896,,,,,,,,,,,,
,,,,,,,,,,,,,112,,903,1.0,1.0,1.0,,1.0,1.0,0.7991137504577637,0.950183093547821,0.7895285487174988,0.9358243942260742,0.7865962386131287,0.7935912609100342
,,,,,,,,,,,,,112,,903,,,,0.0006083107437007129,,,,,,,,
,,,,,,,,,,,,,,0.00025,904,,,,,,,,,,,,
,,,,,,,,,,,,,113,,911,1.0,1.0,1.0,,1.0,1.0,0.7991137504577637,0.9501976370811462,0.7895285487174988,0.9362702965736389,0.7865962386131287,0.7935912609100342
,,,,,,,,,,,,,113,,911,,,,0.0005901112454012036,,,,,,,,
,,,,,,,,,,,,,,0.00025,912,,,,,,,,,,,,
,,,,,,,,,,,,,114,,919,1.0,1.0,1.0,,1.0,1.0,0.7991137504577637,0.9501953721046448,0.7895285487174988,0.9368535876274109,0.7865962386131287,0.7935912609100342
,,,,,,,,,,,,,114,,919,,,,0.0005447920993901789,,,,,,,,
,,,,,,,,,,,,,,0.00025,920,,,,,,,,,,,,
,,,,,,,,,,,,,115,,927,1.0,1.0,1.0,,1.0,1.0,0.7991137504577637,0.9501733779907227,0.7895285487174988,0.9374618530273438,0.7865962386131287,0.7935912609100342
,,,,,,,,,,,,,115,,927,,,,0.0005379571812227368,,,,,,,,
,,,,,,,,,,,,,,0.00025,928,,,,,,,,,,,,
,,,,,,,,,,,,,116,,935,1.0,1.0,1.0,,1.0,1.0,0.7991137504577637,0.9501792192459106,0.7895285487174988,0.9380185604095459,0.7865962386131287,0.7935912609100342
,,,,,,,,,,,,,116,,935,,,,0.0005473954370245337,,,,,,,,
,,,,,,,,,,,,,,0.00025,936,,,,,,,,,,,,
,,,,,,,,,,,,,117,,943,1.0,1.0,1.0,,1.0,1.0,0.7991137504577637,0.9501792788505554,0.7895285487174988,0.938584566116333,0.7865962386131287,0.7935912609100342
,,,,,,,,,,,,,117,,943,,,,0.0005701425252482295,,,,,,,,
,,,,,,,,,,,,,,0.00025,944,,,,,,,,,,,,
,,,,,,,,,,,,,118,,951,1.0,1.0,1.0,,1.0,1.0,0.7991137504577637,0.9501829147338867,0.7895285487174988,0.939182460308075,0.7865962386131287,0.7935912609100342
,,,,,,,,,,,,,118,,951,,,,0.0005733422003686428,,,,,,,,
,,,,,,,,,,,,,,0.00025,952,,,,,,,,,,,,
,,,,,,,,,,,,,119,,959,1.0,1.0,1.0,,1.0,1.0,0.7991137504577637,0.9501658082008362,0.7895285487174988,0.939873456954956,0.7865962386131287,0.7935912609100342
,,,,,,,,,,,,,119,,959,,,,0.0006030653603374958,,,,,,,,
,,,,,,,,,,,,,,0.00025,960,,,,,,,,,,,,
,,,,,,,,,,,,,120,,967,1.0,1.0,1.0,,1.0,1.0,0.7991137504577637,0.9501599073410034,0.7895285487174988,0.9404165148735046,0.7865962386131287,0.7935912609100342
,,,,,,,,,,,,,120,,967,,,,0.0005824146210215986,,,,,,,,
,,,,,,,,,,,,,,0.00025,968,,,,,,,,,,,,
,,,,,,,,,,,,,121,,975,1.0,1.0,1.0,,1.0,1.0,0.7991137504577637,0.950184166431427,0.7895285487174988,0.9408280849456787,0.7865962386131287,0.7935912609100342
,,,,,,,,,,,,,121,,975,,,,0.0005278473836369812,,,,,,,,
,,,,,,,,,,,,,,0.00025,976,,,,,,,,,,,,
,,,,,,,,,,,,,122,,983,1.0,1.0,1.0,,1.0,1.0,0.7991137504577637,0.9501939415931702,0.7895285487174988,0.9413140416145325,0.7865962386131287,0.7935912609100342
,,,,,,,,,,,,,122,,983,,,,0.000548403593711555,,,,,,,,
,,,,,,,,,,,,,,0.00025,984,,,,,,,,,,,,
,,,,,,,,,,,,,123,,991,1.0,1.0,1.0,,1.0,1.0,0.7991137504577637,0.9502090811729431,0.7895285487174988,0.9417644143104553,0.7865962386131287,0.7935912609100342
,,,,,,,,,,,,,123,,991,,,,0.0004989096196368337,,,,,,,,
,,,,,,,,,,,,,,0.00025,992,,,,,,,,,,,,
,,,,,,,,,,,,,124,,999,1.0,1.0,1.0,,1.0,1.0,0.7991137504577637,0.9502306580543518,0.7895285487174988,0.9423056244850159,0.7865962386131287,0.7935912609100342
,,,,,,,,,,,,,124,,999,,,,0.0005942871794104576,,,,,,,,
,,,,,,,,,,,,,,0.00025,1000,,,,,,,,,,,,
,,,,,,,,,,,,,125,,1007,1.0,1.0,1.0,,1.0,1.0,0.7991137504577637,0.9502544403076172,0.7895285487174988,0.9428619146347046,0.7865962386131287,0.7935912609100342
,,,,,,,,,,,,,125,,1007,,,,0.0005115222302265465,,,,,,,,
,,,,,,,,,,,,,,0.00025,1008,,,,,,,,,,,,
,,,,,,,,,,,,,126,,1015,1.0,1.0,1.0,,1.0,1.0,0.7991137504577637,0.9502860307693481,0.7895285487174988,0.943400502204895,0.7865962386131287,0.7935912609100342
,,,,,,,,,,,,,126,,1015,,,,0.0004978840006515384,,,,,,,,
,,,,,,,,,,,,,,0.00025,1016,,,,,,,,,,,,
,,,,,,,,,,,,,127,,1023,1.0,1.0,1.0,,1.0,1.0,0.7991137504577637,0.9502953886985779,0.7895285487174988,0.944067120552063,0.7865962386131287,0.7935912609100342
,,,,,,,,,,,,,127,,1023,,,,0.0005480796680785716,,,,,,,,
,,,,,,,,,,,,,,0.00025,1024,,,,,,,,,,,,
,,,,,,,,,,,,,128,,1031,1.0,1.0,1.0,,1.0,1.0,0.7991137504577637,0.9502924084663391,0.7895285487174988,0.9447925090789795,0.7865962386131287,0.7935912609100342
,,,,,,,,,,,,,128,,1031,,,,0.0005283901700749993,,,,,,,,
,,,,,,,,,,,,,,0.00025,1032,,,,,,,,,,,,
,,,,,,,,,,,,,129,,1039,1.0,1.0,1.0,,1.0,1.0,0.7991137504577637,0.950291633605957,0.7895285487174988,0.9455099105834961,0.7865962386131287,0.7935912609100342
,,,,,,,,,,,,,129,,1039,,,,0.000575344602111727,,,,,,,,
,,,,,,,,,,,,,,0.00025,1040,,,,,,,,,,,,
,,,,,,,,,,,,,130,,1047,1.0,1.0,1.0,,1.0,1.0,0.7991137504577637,0.9502793550491333,0.7895285487174988,0.9461395740509033,0.7865962386131287,0.7935912609100342
,,,,,,,,,,,,,130,,1047,,,,0.0004817860899493098,,,,,,,,
,,,,,,,,,,,,,,0.00025,1048,,,,,,,,,,,,
,,,,,,,,,,,,,131,,1055,1.0,1.0,1.0,,1.0,1.0,0.7991137504577637,0.9502948522567749,0.7895285487174988,0.9465863704681396,0.7865962386131287,0.7935912609100342
,,,,,,,,,,,,,131,,1055,,,,0.0005639002192765474,,,,,,,,
,,,,,,,,,,,,,,0.00025,1056,,,,,,,,,,,,
,,,,,,,,,,,,,132,,1063,1.0,1.0,1.0,,1.0,1.0,0.7991137504577637,0.9502855539321899,0.7895285487174988,0.9470809102058411,0.7865962386131287,0.7935912609100342
,,,,,,,,,,,,,132,,1063,,,,0.00047377069131471217,,,,,,,,
,,,,,,,,,,,,,,0.00025,1064,,,,,,,,,,,,
,,,,,,,,,,,,,133,,1071,1.0,1.0,1.0,,1.0,1.0,0.7991137504577637,0.950290858745575,0.7895285487174988,0.9476610422134399,0.7865962386131287,0.7935912609100342
,,,,,,,,,,,,,133,,1071,,,,0.00047688695485703647,,,,,,,,
,,,,,,,,,,,,,,0.00025,1072,,,,,,,,,,,,
,,,,,,,,,,,,,134,,1079,1.0,1.0,1.0,,1.0,1.0,0.7991137504577637,0.9502722024917603,0.7895285487174988,0.9482502937316895,0.7865962386131287,0.7935912609100342
,,,,,,,,,,,,,134,,1079,,,,0.0005248162196949124,,,,,,,,
,,,,,,,,,,,,,,0.00025,1080,,,,,,,,,,,,
,,,,,,,,,,,,,135,,1087,1.0,1.0,1.0,,1.0,1.0,0.7991137504577637,0.9503048062324524,0.7895285487174988,0.9488123059272766,0.7865962386131287,0.7935912609100342
,,,,,,,,,,,,,135,,1087,,,,0.0005015095230191946,,,,,,,,
,,,,,,,,,,,,,,0.00025,1088,,,,,,,,,,,,
,,,,,,,,,,,,,136,,1095,1.0,1.0,1.0,,1.0,1.0,0.7991137504577637,0.9503246545791626,0.7895285487174988,0.9491795301437378,0.7865962386131287,0.7935912609100342
,,,,,,,,,,,,,136,,1095,,,,0.0005245681386440992,,,,,,,,
,,,,,,,,,,,,,,0.00025,1096,,,,,,,,,,,,
,,,,,,,,,,,,,137,,1103,1.0,1.0,1.0,,1.0,1.0,0.7991137504577637,0.9503217935562134,0.7895285487174988,0.9495443105697632,0.7865962386131287,0.7935912609100342
,,,,,,,,,,,,,137,,1103,,,,0.0004747700004372746,,,,,,,,
,,,,,,,,,,,,,,0.00025,1104,,,,,,,,,,,,
,,,,,,,,,,,,,138,,1111,1.0,1.0,1.0,,1.0,1.0,0.7991137504577637,0.9503482580184937,0.7895285487174988,0.949985146522522,0.7865962386131287,0.7935912609100342
,,,,,,,,,,,,,138,,1111,,,,0.0005292721907608211,,,,,,,,
,,,,,,,,,,,,,,0.00025,1112,,,,,,,,,,,,
,,,,,,,,,,,,,139,,1119,1.0,1.0,1.0,,1.0,1.0,0.7991137504577637,0.9503412842750549,0.7895285487174988,0.95051109790802,0.7865962386131287,0.7935912609100342
,,,,,,,,,,,,,139,,1119,,,,0.0005461506079882383,,,,,,,,
,,,,,,,,,,,,,,0.00025,1120,,,,,,,,,,,,
,,,,,,,,,,,,,140,,1127,1.0,1.0,1.0,,1.0,1.0,0.7991137504577637,0.9503346085548401,0.7895285487174988,0.9511607885360718,0.7865962386131287,0.7935912609100342
,,,,,,,,,,,,,140,,1127,,,,0.00045896341907791793,,,,,,,,
,,,,,,,,,,,,,,0.00025,1128,,,,,,,,,,,,
,,,,,,,,,,,,,141,,1135,1.0,1.0,1.0,,1.0,1.0,0.7991137504577637,0.9503139853477478,0.7895285487174988,0.9516397714614868,0.7865962386131287,0.7935912609100342
,,,,,,,,,,,,,141,,1135,,,,0.0005177999846637249,,,,,,,,
,,,,,,,,,,,,,,0.00025,1136,,,,,,,,,,,,
,,,,,,,,,,,,,142,,1143,1.0,1.0,1.0,,1.0,1.0,0.7991137504577637,0.9503391981124878,0.7895285487174988,0.9521873593330383,0.7865962386131287,0.7935912609100342
,,,,,,,,,,,,,142,,1143,,,,0.0004429417895153165,,,,,,,,
,,,,,,,,,,,,,,0.00025,1144,,,,,,,,,,,,
,,,,,,,,,,,,,143,,1151,1.0,1.0,1.0,,1.0,1.0,0.7991137504577637,0.9503322243690491,0.7895285487174988,0.9527484178543091,0.7865962386131287,0.7935912609100342
,,,,,,,,,,,,,143,,1151,,,,0.0004996000207029283,,,,,,,,
,,,,,,,,,,,,,,0.00025,1152,,,,,,,,,,,,
,,,,,,,,,,,,,144,,1159,1.0,1.0,1.0,,1.0,1.0,0.7991137504577637,0.9503275752067566,0.7895285487174988,0.9532289505004883,0.7865962386131287,0.7935912609100342
,,,,,,,,,,,,,144,,1159,,,,0.0004739642608910799,,,,,,,,
,,,,,,,,,,,,,,0.00025,1160,,,,,,,,,,,,
,,,,,,,,,,,,,145,,1167,1.0,1.0,1.0,,1.0,1.0,0.7991137504577637,0.9503536224365234,0.7895285487174988,0.9536840319633484,0.7865962386131287,0.7935912609100342
,,,,,,,,,,,,,145,,1167,,,,0.00042017173836939037,,,,,,,,
,,,,,,,,,,,,,,0.00025,1168,,,,,,,,,,,,
,,,,,,,,,,,,,146,,1175,1.0,1.0,1.0,,1.0,1.0,0.7991137504577637,0.9503205418586731,0.7895285487174988,0.9542415738105774,0.7865962386131287,0.7935912609100342
,,,,,,,,,,,,,146,,1175,,,,0.0004787508805748075,,,,,,,,
,,,,,,,,,,,,,,0.00025,1176,,,,,,,,,,,,
,,,,,,,,,,,,,147,,1183,1.0,1.0,1.0,,1.0,1.0,0.7991137504577637,0.9502983093261719,0.7895285487174988,0.9548501968383789,0.7865962386131287,0.7935912609100342
,,,,,,,,,,,,,147,,1183,,,,0.00044635788071900606,,,,,,,,
,,,,,,,,,,,,,,0.00025,1184,,,,,,,,,,,,
,,,,,,,,,,,,,148,,1191,1.0,1.0,1.0,,1.0,1.0,0.7991137504577637,0.9503236413002014,0.7895285487174988,0.9554248452186584,0.7865962386131287,0.7935912609100342
,,,,,,,,,,,,,148,,1191,,,,0.0004922359948977828,,,,,,,,
,,,,,,,,,,,,,,0.00025,1192,,,,,,,,,,,,
,,,,,,,,,,,,,149,,1199,1.0,1.0,1.0,,1.0,1.0,0.7991137504577637,0.9503182768821716,0.7895285487174988,0.9559489488601685,0.7865962386131287,0.7935912609100342
,,,,,,,,,,,,,149,,1199,,,,0.00043755315709859133,,,,,,,,
,,,,,,,,,,,,,,0.000125,1200,,,,,,,,,,,,
,,,,,,,,,,,,,150,,1207,1.0,1.0,1.0,,1.0,1.0,0.7991137504577637,0.9503158926963806,0.7895285487174988,0.9561867713928223,0.7865962386131287,0.7935912609100342
,,,,,,,,,,,,,150,,1207,,,,0.00041840659105218947,,,,,,,,
,,,,,,,,,,,,,,0.000125,1208,,,,,,,,,,,,
,,,,,,,,,,,,,151,,1215,1.0,1.0,1.0,,1.0,1.0,0.7991137504577637,0.9503034949302673,0.7895285487174988,0.9564586877822876,0.7865962386131287,0.7935912609100342
,,,,,,,,,,,,,151,,1215,,,,0.00045171991223469377,,,,,,,,
,,,,,,,,,,,,,,0.000125,1216,,,,,,,,,,,,
,,,,,,,,,,,,,152,,1223,1.0,1.0,1.0,,1.0,1.0,0.7991137504577637,0.9503057599067688,0.7895285487174988,0.956689178943634,0.7865962386131287,0.7935912609100342
,,,,,,,,,,,,,152,,1223,,,,0.00042690642294473946,,,,,,,,
,,,,,,,,,,,,,,0.000125,1224,,,,,,,,,,,,
,,,,,,,,,,,,,153,,1231,1.0,1.0,1.0,,1.0,1.0,0.7991137504577637,0.9503175020217896,0.7895285487174988,0.9569158554077148,0.7865962386131287,0.7935912609100342
,,,,,,,,,,,,,153,,1231,,,,0.00042269841651432216,,,,,,,,
,,,,,,,,,,,,,,0.000125,1232,,,,,,,,,,,,
,,,,,,,,,,,,,154,,1239,1.0,1.0,1.0,,1.0,1.0,0.7991137504577637,0.9503224492073059,0.7895285487174988,0.9570993185043335,0.7865962386131287,0.7935912609100342
,,,,,,,,,,,,,154,,1239,,,,0.00042421830585226417,,,,,,,,
,,,,,,,,,,,,,,0.000125,1240,,,,,,,,,,,,
,,,,,,,,,,,,,155,,1247,1.0,1.0,1.0,,1.0,1.0,0.7991137504577637,0.9503267407417297,0.7895285487174988,0.9573405981063843,0.7865962386131287,0.7935912609100342
,,,,,,,,,,,,,155,,1247,,,,0.00044303457252681255,,,,,,,,
,,,,,,,,,,,,,,0.000125,1248,,,,,,,,,,,,
,,,,,,,,,,,,,156,,1255,1.0,1.0,1.0,,1.0,1.0,0.7991137504577637,0.9503138661384583,0.7895285487174988,0.9576829075813293,0.7865962386131287,0.7935912609100342
,,,,,,,,,,,,,156,,1255,,,,0.0004651024064514786,,,,,,,,
,,,,,,,,,,,,,,0.000125,1256,,,,,,,,,,,,
,,,,,,,,,,,,,157,,1263,1.0,1.0,1.0,,1.0,1.0,0.7991137504577637,0.9503205418586731,0.7895285487174988,0.9579575061798096,0.7865962386131287,0.7935912609100342
,,,,,,,,,,,,,157,,1263,,,,0.000421462842496112,,,,,,,,
,,,,,,,,,,,,,,0.000125,1264,,,,,,,,,,,,
,,,,,,,,,,,,,158,,1271,1.0,1.0,1.0,,1.0,1.0,0.7991137504577637,0.9503308534622192,0.7895285487174988,0.9582073092460632,0.7865962386131287,0.7935912609100342
,,,,,,,,,,,,,158,,1271,,,,0.0005052624619565904,,,,,,,,
,,,,,,,,,,,,,,0.000125,1272,,,,,,,,,,,,
,,,,,,,,,,,,,159,,1279,1.0,1.0,1.0,,1.0,1.0,0.7991137504577637,0.9503245949745178,0.7895285487174988,0.9584815502166748,0.7865962386131287,0.7935912609100342
,,,,,,,,,,,,,159,,1279,,,,0.000423157267505303,,,,,,,,
,,,,,,,,,,,,,,0.000125,1280,,,,,,,,,,,,
,,,,,,,,,,,,,160,,1287,1.0,1.0,1.0,,1.0,1.0,0.7991137504577637,0.950316309928894,0.7895285487174988,0.958778977394104,0.7865962386131287,0.7935912609100342
,,,,,,,,,,,,,160,,1287,,,,0.0004755041445605457,,,,,,,,
,,,,,,,,,,,,,,0.000125,1288,,,,,,,,,,,,
,,,,,,,,,,,,,161,,1295,1.0,1.0,1.0,,1.0,1.0,0.7991137504577637,0.9503033757209778,0.7895285487174988,0.9590290188789368,0.7865962386131287,0.7935912609100342
,,,,,,,,,,,,,161,,1295,,,,0.0004558696527965367,,,,,,,,
,,,,,,,,,,,,,,0.000125,1296,,,,,,,,,,,,
,,,,,,,,,,,,,162,,1303,1.0,1.0,1.0,,1.0,1.0,0.7991137504577637,0.9502997994422913,0.7895285487174988,0.9592457413673401,0.7865962386131287,0.7935912609100342
,,,,,,,,,,,,,162,,1303,,,,0.0004002985660918057,,,,,,,,
,,,,,,,,,,,,,,0.000125,1304,,,,,,,,,,,,
,,,,,,,,,,,,,163,,1311,1.0,1.0,1.0,,1.0,1.0,0.7991137504577637,0.9502988457679749,0.7895285487174988,0.9594771862030029,0.7865962386131287,0.7935912609100342
,,,,,,,,,,,,,163,,1311,,,,0.0004310624790377915,,,,,,,,
,,,,,,,,,,,,,,0.000125,1312,,,,,,,,,,,,
,,,,,,,,,,,,,164,,1319,1.0,1.0,1.0,,1.0,1.0,0.7991137504577637,0.9503050446510315,0.7895285487174988,0.9597035646438599,0.7865962386131287,0.7935912609100342
,,,,,,,,,,,,,164,,1319,,,,0.00040377132245339453,,,,,,,,
,,,,,,,,,,,,,,0.000125,1320,,,,,,,,,,,,
,,,,,,,,,,,,,165,,1327,1.0,1.0,1.0,,1.0,1.0,0.7991137504577637,0.9503071904182434,0.7895285487174988,0.9599644541740417,0.7865962386131287,0.7935912609100342
,,,,,,,,,,,,,165,,1327,,,,0.0003993153804913163,,,,,,,,
,,,,,,,,,,,,,,0.000125,1328,,,,,,,,,,,,
,,,,,,,,,,,,,166,,1335,1.0,1.0,1.0,,1.0,1.0,0.7991137504577637,0.9503102898597717,0.7895285487174988,0.9602550864219666,0.7865962386131287,0.7935912609100342
,,,,,,,,,,,,,166,,1335,,,,0.00042251599370501935,,,,,,,,
,,,,,,,,,,,,,,0.000125,1336,,,,,,,,,,,,
,,,,,,,,,,,,,167,,1343,1.0,1.0,1.0,,1.0,1.0,0.7991137504577637,0.9503173232078552,0.7895285487174988,0.9605262279510498,0.7865962386131287,0.7935912609100342
,,,,,,,,,,,,,167,,1343,,,,0.00043294517672620714,,,,,,,,
,,,,,,,,,,,,,,0.000125,1344,,,,,,,,,,,,
,,,,,,,,,,,,,168,,1351,1.0,1.0,1.0,,1.0,1.0,0.7991137504577637,0.9503117799758911,0.7895285487174988,0.9608333706855774,0.7865962386131287,0.7935912609100342
,,,,,,,,,,,,,168,,1351,,,,0.000420817406848073,,,,,,,,
,,,,,,,,,,,,,,0.000125,1352,,,,,,,,,,,,
,,,,,,,,,,,,,169,,1359,1.0,1.0,1.0,,1.0,1.0,0.7991137504577637,0.9503053426742554,0.7895285487174988,0.9611415863037109,0.7865962386131287,0.7935912609100342
,,,,,,,,,,,,,169,,1359,,,,0.00044053528108634055,,,,,,,,
,,,,,,,,,,,,,,0.000125,1360,,,,,,,,,,,,
,,,,,,,,,,,,,170,,1367,1.0,1.0,1.0,,1.0,1.0,0.7991137504577637,0.9503121376037598,0.7895285487174988,0.9615474939346313,0.7865962386131287,0.7935912609100342
,,,,,,,,,,,,,170,,1367,,,,0.000475932756671682,,,,,,,,
,,,,,,,,,,,,,,0.000125,1368,,,,,,,,,,,,
,,,,,,,,,,,,,171,,1375,1.0,1.0,1.0,,1.0,1.0,0.7991137504577637,0.9503340125083923,0.7895285487174988,0.9619645476341248,0.7865962386131287,0.7935912609100342
,,,,,,,,,,,,,171,,1375,,,,0.00039118886343203485,,,,,,,,
,,,,,,,,,,,,,,0.000125,1376,,,,,,,,,,,,
,,,,,,,,,,,,,172,,1383,1.0,1.0,1.0,,1.0,1.0,0.7991137504577637,0.9503199458122253,0.7895285487174988,0.9623207449913025,0.7865962386131287,0.7935912609100342
,,,,,,,,,,,,,172,,1383,,,,0.0004383593040984124,,,,,,,,
,,,,,,,,,,,,,,0.000125,1384,,,,,,,,,,,,
,,,,,,,,,,,,,173,,1391,1.0,1.0,1.0,,1.0,1.0,0.7991137504577637,0.9503346681594849,0.7895285487174988,0.9626027345657349,0.7865962386131287,0.7935912609100342
,,,,,,,,,,,,,173,,1391,,,,0.00044284010073170066,,,,,,,,
,,,,,,,,,,,,,,0.000125,1392,,,,,,,,,,,,
,,,,,,,,,,,,,174,,1399,1.0,1.0,1.0,,1.0,1.0,0.7991137504577637,0.9503283500671387,0.7895285487174988,0.9628434777259827,0.7865962386131287,0.7935912609100342
,,,,,,,,,,,,,174,,1399,,,,0.0003798362158704549,,,,,,,,
,,,,,,,,,,,,,,0.000125,1400,,,,,,,,,,,,
,,,,,,,,,,,,,175,,1407,1.0,1.0,1.0,,1.0,1.0,0.7991137504577637,0.9503111243247986,0.7895285487174988,0.9631818532943726,0.7865962386131287,0.7935912609100342
,,,,,,,,,,,,,175,,1407,,,,0.0004500019131228328,,,,,,,,
,,,,,,,,,,,,,,0.000125,1408,,,,,,,,,,,,
,,,,,,,,,,,,,176,,1415,1.0,1.0,1.0,,1.0,1.0,0.7991137504577637,0.9503049850463867,0.7895285487174988,0.9635911583900452,0.7865962386131287,0.7935912609100342
,,,,,,,,,,,,,176,,1415,,,,0.0003999910259153694,,,,,,,,
,,,,,,,,,,,,,,0.000125,1416,,,,,,,,,,,,
,,,,,,,,,,,,,177,,1423,1.0,1.0,1.0,,1.0,1.0,0.7991137504577637,0.9502975344657898,0.7895285487174988,0.963962733745575,0.7865962386131287,0.7935912609100342
,,,,,,,,,,,,,177,,1423,,,,0.0004538751963991672,,,,,,,,
,,,,,,,,,,,,,,0.000125,1424,,,,,,,,,,,,
,,,,,,,,,,,,,178,,1431,1.0,1.0,1.0,,1.0,1.0,0.7991137504577637,0.9503179788589478,0.7895285487174988,0.964304506778717,0.7865962386131287,0.7935912609100342
,,,,,,,,,,,,,178,,1431,,,,0.0003851056972052902,,,,,,,,
,,,,,,,,,,,,,,0.000125,1432,,,,,,,,,,,,
,,,,,,,,,,,,,179,,1439,1.0,1.0,1.0,,1.0,1.0,0.7991137504577637,0.9503207206726074,0.7895285487174988,0.9645547866821289,0.7865962386131287,0.7935912609100342
,,,,,,,,,,,,,179,,1439,,,,0.00037362551665864885,,,,,,,,
,,,,,,,,,,,,,,0.000125,1440,,,,,,,,,,,,
,,,,,,,,,,,,,180,,1447,1.0,1.0,1.0,,1.0,1.0,0.7991137504577637,0.9503365159034729,0.7895285487174988,0.9647547602653503,0.7865962386131287,0.7935912609100342
,,,,,,,,,,,,,180,,1447,,,,0.0003926553181372583,,,,,,,,
,,,,,,,,,,,,,,0.000125,1448,,,,,,,,,,,,
,,,,,,,,,,,,,181,,1455,1.0,1.0,1.0,,1.0,1.0,0.7991137504577637,0.9503486752510071,0.7895285487174988,0.9649969935417175,0.7865962386131287,0.7935912609100342
,,,,,,,,,,,,,181,,1455,,,,0.0004375055432319641,,,,,,,,
,,,,,,,,,,,,,,0.000125,1456,,,,,,,,,,,,
,,,,,,,,,,,,,182,,1463,1.0,1.0,1.0,,1.0,1.0,0.7991137504577637,0.9503597021102905,0.7895285487174988,0.9652527570724487,0.7865962386131287,0.7935912609100342
,,,,,,,,,,,,,182,,1463,,,,0.00038666644832119346,,,,,,,,
,,,,,,,,,,,,,,0.000125,1464,,,,,,,,,,,,
,,,,,,,,,,,,,183,,1471,1.0,1.0,1.0,,1.0,1.0,0.7991137504577637,0.9503390192985535,0.7895285487174988,0.96552574634552,0.7865962386131287,0.7935912609100342
,,,,,,,,,,,,,183,,1471,,,,0.00037835189141333103,,,,,,,,
,,,,,,,,,,,,,,0.000125,1472,,,,,,,,,,,,
,,,,,,,,,,,,,184,,1479,1.0,1.0,1.0,,1.0,1.0,0.7991137504577637,0.9503384828567505,0.7895285487174988,0.9657900929450989,0.7865962386131287,0.7935912609100342
,,,,,,,,,,,,,184,,1479,,,,0.0003657956840470433,,,,,,,,
,,,,,,,,,,,,,,0.000125,1480,,,,,,,,,,,,
,,,,,,,,,,,,,185,,1487,1.0,1.0,1.0,,1.0,1.0,0.7991137504577637,0.9503495097160339,0.7895285487174988,0.9660211801528931,0.7865962386131287,0.7935912609100342
,,,,,,,,,,,,,185,,1487,,,,0.0003635726752690971,,,,,,,,
,,,,,,,,,,,,,,0.000125,1488,,,,,,,,,,,,
,,,,,,,,,,,,,186,,1495,1.0,1.0,1.0,,1.0,1.0,0.7991137504577637,0.9503485560417175,0.7895285487174988,0.9662938117980957,0.7865962386131287,0.7935912609100342
,,,,,,,,,,,,,186,,1495,,,,0.0004137885116506368,,,,,,,,
,,,,,,,,,,,,,,0.000125,1496,,,,,,,,,,,,
,,,,,,,,,,,,,187,,1503,1.0,1.0,1.0,,1.0,1.0,0.7991137504577637,0.9503504037857056,0.7895285487174988,0.966552734375,0.7865962386131287,0.7935912609100342
,,,,,,,,,,,,,187,,1503,,,,0.00038189240149222314,,,,,,,,
,,,,,,,,,,,,,,0.000125,1504,,,,,,,,,,,,
,,,,,,,,,,,,,188,,1511,1.0,1.0,1.0,,1.0,1.0,0.7991137504577637,0.9503388404846191,0.7895285487174988,0.9668505787849426,0.7865962386131287,0.7935912609100342
,,,,,,,,,,,,,188,,1511,,,,0.0003638627822510898,,,,,,,,
,,,,,,,,,,,,,,0.000125,1512,,,,,,,,,,,,
,,,,,,,,,,,,,189,,1519,1.0,1.0,1.0,,1.0,1.0,0.7991137504577637,0.9503139853477478,0.7895285487174988,0.9672348499298096,0.7865962386131287,0.7935912609100342
,,,,,,,,,,,,,189,,1519,,,,0.00041827504173852503,,,,,,,,
,,,,,,,,,,,,,,0.000125,1520,,,,,,,,,,,,
,,,,,,,,,,,,,190,,1527,1.0,1.0,1.0,,1.0,1.0,0.7991137504577637,0.9502958059310913,0.7895285487174988,0.9675796031951904,0.7865962386131287,0.7935912609100342
,,,,,,,,,,,,,190,,1527,,,,0.00037476312718354166,,,,,,,,
,,,,,,,,,,,,,,0.000125,1528,,,,,,,,,,,,
,,,,,,,,,,,,,191,,1535,1.0,1.0,1.0,,1.0,1.0,0.7991137504577637,0.9502787590026855,0.7895285487174988,0.9680739045143127,0.7865962386131287,0.7935912609100342
,,,,,,,,,,,,,191,,1535,,,,0.0004162051482126117,,,,,,,,
,,,,,,,,,,,,,,0.000125,1536,,,,,,,,,,,,
,,,,,,,,,,,,,192,,1543,1.0,1.0,1.0,,1.0,1.0,0.7991137504577637,0.9502727389335632,0.7895285487174988,0.9684052467346191,0.7865962386131287,0.7935912609100342
,,,,,,,,,,,,,192,,1543,,,,0.00038053508615121245,,,,,,,,
,,,,,,,,,,,,,,0.000125,1544,,,,,,,,,,,,
,,,,,,,,,,,,,193,,1551,1.0,1.0,1.0,,1.0,1.0,0.7991137504577637,0.9502679109573364,0.7895285487174988,0.968743085861206,0.7865962386131287,0.7935912609100342
,,,,,,,,,,,,,193,,1551,,,,0.000352352624759078,,,,,,,,
,,,,,,,,,,,,,,0.000125,1552,,,,,,,,,,,,
,,,,,,,,,,,,,194,,1559,1.0,1.0,1.0,,1.0,1.0,0.7991137504577637,0.9502516984939575,0.7895285487174988,0.9690935015678406,0.7865962386131287,0.7935912609100342
,,,,,,,,,,,,,194,,1559,,,,0.00036447850288823247,,,,,,,,
,,,,,,,,,,,,,,0.000125,1560,,,,,,,,,,,,
,,,,,,,,,,,,,195,,1567,1.0,1.0,1.0,,1.0,1.0,0.7991137504577637,0.9502524733543396,0.7895285487174988,0.9694400429725647,0.7865962386131287,0.7935912609100342
,,,,,,,,,,,,,195,,1567,,,,0.00038154891808517277,,,,,,,,
,,,,,,,,,,,,,,0.000125,1568,,,,,,,,,,,,
,,,,,,,,,,,,,196,,1575,1.0,1.0,1.0,,1.0,1.0,0.7991137504577637,0.9502597451210022,0.7895285487174988,0.9697751402854919,0.7865962386131287,0.7935912609100342
,,,,,,,,,,,,,196,,1575,,,,0.00036009520408697426,,,,,,,,
,,,,,,,,,,,,,,0.000125,1576,,,,,,,,,,,,
,,,,,,,,,,,,,197,,1583,1.0,1.0,1.0,,1.0,1.0,0.7991137504577637,0.9502547383308411,0.7895285487174988,0.9701195359230042,0.7865962386131287,0.7935912609100342
,,,,,,,,,,,,,197,,1583,,,,0.0003545202489476651,,,,,,,,
,,,,,,,,,,,,,,0.000125,1584,,,,,,,,,,,,
,,,,,,,,,,,,,198,,1591,1.0,1.0,1.0,,1.0,1.0,0.7991137504577637,0.9502595067024231,0.7895285487174988,0.970486581325531,0.7865962386131287,0.7935912609100342
,,,,,,,,,,,,,198,,1591,,,,0.00035256415139883757,,,,,,,,
,,,,,,,,,,,,,,0.000125,1592,,,,,,,,,,,,
,,,,,,,,,,,,,199,,1599,1.0,1.0,1.0,,1.0,1.0,0.7991137504577637,0.9502540230751038,0.7895285487174988,0.9708774089813232,0.7865962386131287,0.7935912609100342
,,,,,,,,,,,,,199,,1599,,,,0.000379508885089308,,,,,,,,
