index,task,profile,q,seed,status,exit_code,duration_seconds,gpu,result_dir,plotting_dir
0,simplicial__q01__seed00,simplicial,1,0,success,0,1979.9496712684631,0,/mnt/imos-students/leko/projects/tb_experiments/scripts/structural_coverage/results/cora_np64_sweep/simplicial/q01/seed00,/mnt/imos-students/leko/projects/tb_experiments/scripts/structural_coverage/results_for_plotting/cora_np64_sweep/simplicial/q01/seed00
1,simplicial__q01__seed01,simplicial,1,1,success,0,1980.5411293506622,0,/mnt/imos-students/leko/projects/tb_experiments/scripts/structural_coverage/results/cora_np64_sweep/simplicial/q01/seed01,/mnt/imos-students/leko/projects/tb_experiments/scripts/structural_coverage/results_for_plotting/cora_np64_sweep/simplicial/q01/seed01
2,simplicial__q01__seed02,simplicial,1,2,success,0,1985.6153428554535,0,/mnt/imos-students/leko/projects/tb_experiments/scripts/structural_coverage/results/cora_np64_sweep/simplicial/q01/seed02,/mnt/imos-students/leko/projects/tb_experiments/scripts/structural_coverage/results_for_plotting/cora_np64_sweep/simplicial/q01/seed02
3,simplicial__q01__seed03,simplicial,1,3,success,0,1976.6564252376556,0,/mnt/imos-students/leko/projects/tb_experiments/scripts/structural_coverage/results/cora_np64_sweep/simplicial/q01/seed03,/mnt/imos-students/leko/projects/tb_experiments/scripts/structural_coverage/results_for_plotting/cora_np64_sweep/simplicial/q01/seed03
4,simplicial__q01__seed04,simplicial,1,4,success,0,1985.183609008789,0,/mnt/imos-students/leko/projects/tb_experiments/scripts/structural_coverage/results/cora_np64_sweep/simplicial/q01/seed04,/mnt/imos-students/leko/projects/tb_experiments/scripts/structural_coverage/results_for_plotting/cora_np64_sweep/simplicial/q01/seed04
5,simplicial__q01__seed05,simplicial,1,5,success,0,1978.2358465194702,0,/mnt/imos-students/leko/projects/tb_experiments/scripts/structural_coverage/results/cora_np64_sweep/simplicial/q01/seed05,/mnt/imos-students/leko/projects/tb_experiments/scripts/structural_coverage/results_for_plotting/cora_np64_sweep/simplicial/q01/seed05
6,simplicial__q01__seed06,simplicial,1,6,success,0,1983.584665775299,0,/mnt/imos-students/leko/projects/tb_experiments/scripts/structural_coverage/results/cora_np64_sweep/simplicial/q01/seed06,/mnt/imos-students/leko/projects/tb_experiments/scripts/structural_coverage/results_for_plotting/cora_np64_sweep/simplicial/q01/seed06
7,simplicial__q01__seed07,simplicial,1,7,success,0,1982.0797612667084,0,/mnt/imos-students/leko/projects/tb_experiments/scripts/structural_coverage/results/cora_np64_sweep/simplicial/q01/seed07,/mnt/imos-students/leko/projects/tb_experiments/scripts/structural_coverage/results_for_plotting/cora_np64_sweep/simplicial/q01/seed07
8,simplicial__q01__seed08,simplicial,1,8,success,0,1982.2666115760803,0,/mnt/imos-students/leko/projects/tb_experiments/scripts/structural_coverage/results/cora_np64_sweep/simplicial/q01/seed08,/mnt/imos-students/leko/projects/tb_experiments/scripts/structural_coverage/results_for_plotting/cora_np64_sweep/simplicial/q01/seed08
9,simplicial__q01__seed09,simplicial,1,9,success,0,1980.670389175415,0,/mnt/imos-students/leko/projects/tb_experiments/scripts/structural_coverage/results/cora_np64_sweep/simplicial/q01/seed09,/mnt/imos-students/leko/projects/tb_experiments/scripts/structural_coverage/results_for_plotting/cora_np64_sweep/simplicial/q01/seed09
10,simplicial__q02__seed00,simplicial,2,0,success,0,952.7807009220123,0,/mnt/imos-students/leko/projects/tb_experiments/scripts/structural_coverage/results/cora_np64_sweep/simplicial/q02/seed00,/mnt/imos-students/leko/projects/tb_experiments/scripts/structural_coverage/results_for_plotting/cora_np64_sweep/simplicial/q02/seed00
11,simplicial__q02__seed01,simplicial,2,1,success,0,947.2890613079071,0,/mnt/imos-students/leko/projects/tb_experiments/scripts/structural_coverage/results/cora_np64_sweep/simplicial/q02/seed01,/mnt/imos-students/leko/projects/tb_experiments/scripts/structural_coverage/results_for_plotting/cora_np64_sweep/simplicial/q02/seed01
12,simplicial__q02__seed02,simplicial,2,2,success,0,950.9807786941528,0,/mnt/imos-students/leko/projects/tb_experiments/scripts/structural_coverage/results/cora_np64_sweep/simplicial/q02/seed02,/mnt/imos-students/leko/projects/tb_experiments/scripts/structural_coverage/results_for_plotting/cora_np64_sweep/simplicial/q02/seed02
13,simplicial__q02__seed03,simplicial,2,3,success,0,952.5712506771088,0,/mnt/imos-students/leko/projects/tb_experiments/scripts/structural_coverage/results/cora_np64_sweep/simplicial/q02/seed03,/mnt/imos-students/leko/projects/tb_experiments/scripts/structural_coverage/results_for_plotting/cora_np64_sweep/simplicial/q02/seed03
14,simplicial__q02__seed04,simplicial,2,4,success,0,948.9945681095123,0,/mnt/imos-students/leko/projects/tb_experiments/scripts/structural_coverage/results/cora_np64_sweep/simplicial/q02/seed04,/mnt/imos-students/leko/projects/tb_experiments/scripts/structural_coverage/results_for_plotting/cora_np64_sweep/simplicial/q02/seed04
15,simplicial__q02__seed05,simplicial,2,5,success,0,946.9862985610962,0,/mnt/imos-students/leko/projects/tb_experiments/scripts/structural_coverage/results/cora_np64_sweep/simplicial/q02/seed05,/mnt/imos-students/leko/projects/tb_experiments/scripts/structural_coverage/results_for_plotting/cora_np64_sweep/simplicial/q02/seed05
16,simplicial__q02__seed06,simplicial,2,6,success,0,951.0879328250885,0,/mnt/imos-students/leko/projects/tb_experiments/scripts/structural_coverage/results/cora_np64_sweep/simplicial/q02/seed06,/mnt/imos-students/leko/projects/tb_experiments/scripts/structural_coverage/results_for_plotting/cora_np64_sweep/simplicial/q02/seed06
17,simplicial__q02__seed07,simplicial,2,7,success,0,941.8771572113037,0,/mnt/imos-students/leko/projects/tb_experiments/scripts/structural_coverage/results/cora_np64_sweep/simplicial/q02/seed07,/mnt/imos-students/leko/projects/tb_experiments/scripts/structural_coverage/results_for_plotting/cora_np64_sweep/simplicial/q02/seed07
18,simplicial__q02__seed08,simplicial,2,8,success,0,941.1084327697754,0,/mnt/imos-students/leko/projects/tb_experiments/scripts/structural_coverage/results/cora_np64_sweep/simplicial/q02/seed08,/mnt/imos-students/leko/projects/tb_experiments/scripts/structural_coverage/results_for_plotting/cora_np64_sweep/simplicial/q02/seed08
19,simplicial__q02__seed09,simplicial,2,9,success,0,945.2455787658691,0,/mnt/imos-students/leko/projects/tb_experiments/scripts/structural_coverage/results/cora_np64_sweep/simplicial/q02/seed09,/mnt/imos-students/leko/projects/tb_experiments/scripts/structural_coverage/results_for_plotting/cora_np64_sweep/simplicial/q02/seed09
20,simplicial__q04__seed00,simplicial,4,0,success,0,500.5763111114502,0,/mnt/imos-students/leko/projects/tb_experiments/scripts/structural_coverage/results/cora_np64_sweep/simplicial/q04/seed00,/mnt/imos-students/leko/projects/tb_experiments/scripts/structural_coverage/results_for_plotting/cora_np64_sweep/simplicial/q04/seed00
21,simplicial__q04__seed01,simplicial,4,1,success,0,492.53323340415955,0,/mnt/imos-students/leko/projects/tb_experiments/scripts/structural_coverage/results/cora_np64_sweep/simplicial/q04/seed01,/mnt/imos-students/leko/projects/tb_experiments/scripts/structural_coverage/results_for_plotting/cora_np64_sweep/simplicial/q04/seed01
22,simplicial__q04__seed02,simplicial,4,2,success,0,491.81431555747986,0,/mnt/imos-students/leko/projects/tb_experiments/scripts/structural_coverage/results/cora_np64_sweep/simplicial/q04/seed02,/mnt/imos-students/leko/projects/tb_experiments/scripts/structural_coverage/results_for_plotting/cora_np64_sweep/simplicial/q04/seed02
23,simplicial__q04__seed03,simplicial,4,3,success,0,493.5076367855072,0,/mnt/imos-students/leko/projects/tb_experiments/scripts/structural_coverage/results/cora_np64_sweep/simplicial/q04/seed03,/mnt/imos-students/leko/projects/tb_experiments/scripts/structural_coverage/results_for_plotting/cora_np64_sweep/simplicial/q04/seed03
24,simplicial__q04__seed04,simplicial,4,4,success,0,495.64499950408936,0,/mnt/imos-students/leko/projects/tb_experiments/scripts/structural_coverage/results/cora_np64_sweep/simplicial/q04/seed04,/mnt/imos-students/leko/projects/tb_experiments/scripts/structural_coverage/results_for_plotting/cora_np64_sweep/simplicial/q04/seed04
25,simplicial__q04__seed05,simplicial,4,5,success,0,497.9915518760681,0,/mnt/imos-students/leko/projects/tb_experiments/scripts/structural_coverage/results/cora_np64_sweep/simplicial/q04/seed05,/mnt/imos-students/leko/projects/tb_experiments/scripts/structural_coverage/results_for_plotting/cora_np64_sweep/simplicial/q04/seed05
26,simplicial__q04__seed06,simplicial,4,6,success,0,492.94168615341187,0,/mnt/imos-students/leko/projects/tb_experiments/scripts/structural_coverage/results/cora_np64_sweep/simplicial/q04/seed06,/mnt/imos-students/leko/projects/tb_experiments/scripts/structural_coverage/results_for_plotting/cora_np64_sweep/simplicial/q04/seed06
27,simplicial__q04__seed07,simplicial,4,7,success,0,493.1674418449402,0,/mnt/imos-students/leko/projects/tb_experiments/scripts/structural_coverage/results/cora_np64_sweep/simplicial/q04/seed07,/mnt/imos-students/leko/projects/tb_experiments/scripts/structural_coverage/results_for_plotting/cora_np64_sweep/simplicial/q04/seed07
28,simplicial__q04__seed08,simplicial,4,8,success,0,491.92277431488037,0,/mnt/imos-students/leko/projects/tb_experiments/scripts/structural_coverage/results/cora_np64_sweep/simplicial/q04/seed08,/mnt/imos-students/leko/projects/tb_experiments/scripts/structural_coverage/results_for_plotting/cora_np64_sweep/simplicial/q04/seed08
29,simplicial__q04__seed09,simplicial,4,9,success,0,491.7757420539856,0,/mnt/imos-students/leko/projects/tb_experiments/scripts/structural_coverage/results/cora_np64_sweep/simplicial/q04/seed09,/mnt/imos-students/leko/projects/tb_experiments/scripts/structural_coverage/results_for_plotting/cora_np64_sweep/simplicial/q04/seed09
30,simplicial__q08__seed00,simplicial,8,0,success,0,272.29469633102417,0,/mnt/imos-students/leko/projects/tb_experiments/scripts/structural_coverage/results/cora_np64_sweep/simplicial/q08/seed00,/mnt/imos-students/leko/projects/tb_experiments/scripts/structural_coverage/results_for_plotting/cora_np64_sweep/simplicial/q08/seed00
31,simplicial__q08__seed01,simplicial,8,1,success,0,271.90373849868774,0,/mnt/imos-students/leko/projects/tb_experiments/scripts/structural_coverage/results/cora_np64_sweep/simplicial/q08/seed01,/mnt/imos-students/leko/projects/tb_experiments/scripts/structural_coverage/results_for_plotting/cora_np64_sweep/simplicial/q08/seed01
32,simplicial__q08__seed02,simplicial,8,2,success,0,265.14202332496643,0,/mnt/imos-students/leko/projects/tb_experiments/scripts/structural_coverage/results/cora_np64_sweep/simplicial/q08/seed02,/mnt/imos-students/leko/projects/tb_experiments/scripts/structural_coverage/results_for_plotting/cora_np64_sweep/simplicial/q08/seed02
33,simplicial__q08__seed03,simplicial,8,3,success,0,266.12065625190735,0,/mnt/imos-students/leko/projects/tb_experiments/scripts/structural_coverage/results/cora_np64_sweep/simplicial/q08/seed03,/mnt/imos-students/leko/projects/tb_experiments/scripts/structural_coverage/results_for_plotting/cora_np64_sweep/simplicial/q08/seed03
34,simplicial__q08__seed04,simplicial,8,4,success,0,266.7456748485565,0,/mnt/imos-students/leko/projects/tb_experiments/scripts/structural_coverage/results/cora_np64_sweep/simplicial/q08/seed04,/mnt/imos-students/leko/projects/tb_experiments/scripts/structural_coverage/results_for_plotting/cora_np64_sweep/simplicial/q08/seed04
35,simplicial__q08__seed05,simplicial,8,5,success,0,265.5346853733063,0,/mnt/imos-students/leko/projects/tb_experiments/scripts/structural_coverage/results/cora_np64_sweep/simplicial/q08/seed05,/mnt/imos-students/leko/projects/tb_experiments/scripts/structural_coverage/results_for_plotting/cora_np64_sweep/simplicial/q08/seed05
36,simplicial__q08__seed06,simplicial,8,6,success,0,265.8174831867218,0,/mnt/imos-students/leko/projects/tb_experiments/scripts/structural_coverage/results/cora_np64_sweep/simplicial/q08/seed06,/mnt/imos-students/leko/projects/tb_experiments/scripts/structural_coverage/results_for_plotting/cora_np64_sweep/simplicial/q08/seed06
37,simplicial__q08__seed07,simplicial,8,7,success,0,263.982408285141,0,/mnt/imos-students/leko/projects/tb_experiments/scripts/structural_coverage/results/cora_np64_sweep/simplicial/q08/seed07,/mnt/imos-students/leko/projects/tb_experiments/scripts/structural_coverage/results_for_plotting/cora_np64_sweep/simplicial/q08/seed07
38,simplicial__q08__seed08,simplicial,8,8,success,0,264.77176809310913,0,/mnt/imos-students/leko/projects/tb_experiments/scripts/structural_coverage/results/cora_np64_sweep/simplicial/q08/seed08,/mnt/imos-students/leko/projects/tb_experiments/scripts/structural_coverage/results_for_plotting/cora_np64_sweep/simplicial/q08/seed08
39,simplicial__q08__seed09,simplicial,8,9,success,0,264.4170677661896,0,/mnt/imos-students/leko/projects/tb_experiments/scripts/structural_coverage/results/cora_np64_sweep/simplicial/q08/seed09,/mnt/imos-students/leko/projects/tb_experiments/scripts/structural_coverage/results_for_plotting/cora_np64_sweep/simplicial/q08/seed09
40,simplicial__q16__seed00,simplicial,16,0,success,0,168.46689581871033,0,/mnt/imos-students/leko/projects/tb_experiments/scripts/structural_coverage/results/cora_np64_sweep/simplicial/q16/seed00,/mnt/imos-students/leko/projects/tb_experiments/scripts/structural_coverage/results_for_plotting/cora_np64_sweep/simplicial/q16/seed00
41,simplicial__q16__seed01,simplicial,16,1,success,0,176.31871271133423,0,/mnt/imos-students/leko/projects/tb_experiments/scripts/structural_coverage/results/cora_np64_sweep/simplicial/q16/seed01,/mnt/imos-students/leko/projects/tb_experiments/scripts/structural_coverage/results_for_plotting/cora_np64_sweep/simplicial/q16/seed01
42,simplicial__q16__seed02,simplicial,16,2,success,0,166.58449983596802,0,/mnt/imos-students/leko/projects/tb_experiments/scripts/structural_coverage/results/cora_np64_sweep/simplicial/q16/seed02,/mnt/imos-students/leko/projects/tb_experiments/scripts/structural_coverage/results_for_plotting/cora_np64_sweep/simplicial/q16/seed02
43,simplicial__q16__seed03,simplicial,16,3,success,0,165.43613934516907,0,/mnt/imos-students/leko/projects/tb_experiments/scripts/structural_coverage/results/cora_np64_sweep/simplicial/q16/seed03,/mnt/imos-students/leko/projects/tb_experiments/scripts/structural_coverage/results_for_plotting/cora_np64_sweep/simplicial/q16/seed03
44,simplicial__q16__seed04,simplicial,16,4,success,0,169.30777072906494,0,/mnt/imos-students/leko/projects/tb_experiments/scripts/structural_coverage/results/cora_np64_sweep/simplicial/q16/seed04,/mnt/imos-students/leko/projects/tb_experiments/scripts/structural_coverage/results_for_plotting/cora_np64_sweep/simplicial/q16/seed04
45,simplicial__q16__seed05,simplicial,16,5,success,0,172.0400698184967,0,/mnt/imos-students/leko/projects/tb_experiments/scripts/structural_coverage/results/cora_np64_sweep/simplicial/q16/seed05,/mnt/imos-students/leko/projects/tb_experiments/scripts/structural_coverage/results_for_plotting/cora_np64_sweep/simplicial/q16/seed05
46,simplicial__q16__seed06,simplicial,16,6,success,0,164.89142847061157,0,/mnt/imos-students/leko/projects/tb_experiments/scripts/structural_coverage/results/cora_np64_sweep/simplicial/q16/seed06,/mnt/imos-students/leko/projects/tb_experiments/scripts/structural_coverage/results_for_plotting/cora_np64_sweep/simplicial/q16/seed06
47,simplicial__q16__seed07,simplicial,16,7,success,0,165.5997598171234,0,/mnt/imos-students/leko/projects/tb_experiments/scripts/structural_coverage/results/cora_np64_sweep/simplicial/q16/seed07,/mnt/imos-students/leko/projects/tb_experiments/scripts/structural_coverage/results_for_plotting/cora_np64_sweep/simplicial/q16/seed07
48,simplicial__q16__seed08,simplicial,16,8,success,0,166.30478596687317,0,/mnt/imos-students/leko/projects/tb_experiments/scripts/structural_coverage/results/cora_np64_sweep/simplicial/q16/seed08,/mnt/imos-students/leko/projects/tb_experiments/scripts/structural_coverage/results_for_plotting/cora_np64_sweep/simplicial/q16/seed08
49,simplicial__q16__seed09,simplicial,16,9,success,0,167.0746250152588,0,/mnt/imos-students/leko/projects/tb_experiments/scripts/structural_coverage/results/cora_np64_sweep/simplicial/q16/seed09,/mnt/imos-students/leko/projects/tb_experiments/scripts/structural_coverage/results_for_plotting/cora_np64_sweep/simplicial/q16/seed09
50,simplicial__q32__seed00,simplicial,32,0,success,0,146.07884788513184,0,/mnt/imos-students/leko/projects/tb_experiments/scripts/structural_coverage/results/cora_np64_sweep/simplicial/q32/seed00,/mnt/imos-students/leko/projects/tb_experiments/scripts/structural_coverage/results_for_plotting/cora_np64_sweep/simplicial/q32/seed00
51,simplicial__q32__seed01,simplicial,32,1,success,0,147.96100234985352,0,/mnt/imos-students/leko/projects/tb_experiments/scripts/structural_coverage/results/cora_np64_sweep/simplicial/q32/seed01,/mnt/imos-students/leko/projects/tb_experiments/scripts/structural_coverage/results_for_plotting/cora_np64_sweep/simplicial/q32/seed01
52,simplicial__q32__seed02,simplicial,32,2,success,0,148.38384580612183,0,/mnt/imos-students/leko/projects/tb_experiments/scripts/structural_coverage/results/cora_np64_sweep/simplicial/q32/seed02,/mnt/imos-students/leko/projects/tb_experiments/scripts/structural_coverage/results_for_plotting/cora_np64_sweep/simplicial/q32/seed02
53,simplicial__q32__seed03,simplicial,32,3,success,0,148.06458806991577,0,/mnt/imos-students/leko/projects/tb_experiments/scripts/structural_coverage/results/cora_np64_sweep/simplicial/q32/seed03,/mnt/imos-students/leko/projects/tb_experiments/scripts/structural_coverage/results_for_plotting/cora_np64_sweep/simplicial/q32/seed03
54,simplicial__q32__seed04,simplicial,32,4,success,0,145.15455675125122,0,/mnt/imos-students/leko/projects/tb_experiments/scripts/structural_coverage/results/cora_np64_sweep/simplicial/q32/seed04,/mnt/imos-students/leko/projects/tb_experiments/scripts/structural_coverage/results_for_plotting/cora_np64_sweep/simplicial/q32/seed04
55,simplicial__q32__seed05,simplicial,32,5,success,0,144.87958407402039,0,/mnt/imos-students/leko/projects/tb_experiments/scripts/structural_coverage/results/cora_np64_sweep/simplicial/q32/seed05,/mnt/imos-students/leko/projects/tb_experiments/scripts/structural_coverage/results_for_plotting/cora_np64_sweep/simplicial/q32/seed05
56,simplicial__q32__seed06,simplicial,32,6,success,0,143.0093595981598,0,/mnt/imos-students/leko/projects/tb_experiments/scripts/structural_coverage/results/cora_np64_sweep/simplicial/q32/seed06,/mnt/imos-students/leko/projects/tb_experiments/scripts/structural_coverage/results_for_plotting/cora_np64_sweep/simplicial/q32/seed06
57,simplicial__q32__seed07,simplicial,32,7,success,0,142.83188724517822,0,/mnt/imos-students/leko/projects/tb_experiments/scripts/structural_coverage/results/cora_np64_sweep/simplicial/q32/seed07,/mnt/imos-students/leko/projects/tb_experiments/scripts/structural_coverage/results_for_plotting/cora_np64_sweep/simplicial/q32/seed07
58,simplicial__q32__seed08,simplicial,32,8,success,0,151.2874629497528,0,/mnt/imos-students/leko/projects/tb_experiments/scripts/structural_coverage/results/cora_np64_sweep/simplicial/q32/seed08,/mnt/imos-students/leko/projects/tb_experiments/scripts/structural_coverage/results_for_plotting/cora_np64_sweep/simplicial/q32/seed08
59,simplicial__q32__seed09,simplicial,32,9,success,0,145.25636625289917,0,/mnt/imos-students/leko/projects/tb_experiments/scripts/structural_coverage/results/cora_np64_sweep/simplicial/q32/seed09,/mnt/imos-students/leko/projects/tb_experiments/scripts/structural_coverage/results_for_plotting/cora_np64_sweep/simplicial/q32/seed09
60,hypergraph__q01__seed00,hypergraph,1,0,success,0,656.7510924339294,0,/mnt/imos-students/leko/projects/tb_experiments/scripts/structural_coverage/results/cora_np64_sweep/hypergraph/q01/seed00,/mnt/imos-students/leko/projects/tb_experiments/scripts/structural_coverage/results_for_plotting/cora_np64_sweep/hypergraph/q01/seed00
61,hypergraph__q01__seed01,hypergraph,1,1,success,0,657.5410618782043,0,/mnt/imos-students/leko/projects/tb_experiments/scripts/structural_coverage/results/cora_np64_sweep/hypergraph/q01/seed01,/mnt/imos-students/leko/projects/tb_experiments/scripts/structural_coverage/results_for_plotting/cora_np64_sweep/hypergraph/q01/seed01
62,hypergraph__q01__seed02,hypergraph,1,2,success,0,656.8110587596893,0,/mnt/imos-students/leko/projects/tb_experiments/scripts/structural_coverage/results/cora_np64_sweep/hypergraph/q01/seed02,/mnt/imos-students/leko/projects/tb_experiments/scripts/structural_coverage/results_for_plotting/cora_np64_sweep/hypergraph/q01/seed02
63,hypergraph__q01__seed03,hypergraph,1,3,success,0,655.1626312732697,0,/mnt/imos-students/leko/projects/tb_experiments/scripts/structural_coverage/results/cora_np64_sweep/hypergraph/q01/seed03,/mnt/imos-students/leko/projects/tb_experiments/scripts/structural_coverage/results_for_plotting/cora_np64_sweep/hypergraph/q01/seed03
64,hypergraph__q01__seed04,hypergraph,1,4,success,0,657.2939958572388,0,/mnt/imos-students/leko/projects/tb_experiments/scripts/structural_coverage/results/cora_np64_sweep/hypergraph/q01/seed04,/mnt/imos-students/leko/projects/tb_experiments/scripts/structural_coverage/results_for_plotting/cora_np64_sweep/hypergraph/q01/seed04
65,hypergraph__q01__seed05,hypergraph,1,5,success,0,655.0225887298584,0,/mnt/imos-students/leko/projects/tb_experiments/scripts/structural_coverage/results/cora_np64_sweep/hypergraph/q01/seed05,/mnt/imos-students/leko/projects/tb_experiments/scripts/structural_coverage/results_for_plotting/cora_np64_sweep/hypergraph/q01/seed05
66,hypergraph__q01__seed06,hypergraph,1,6,success,0,655.326826095581,0,/mnt/imos-students/leko/projects/tb_experiments/scripts/structural_coverage/results/cora_np64_sweep/hypergraph/q01/seed06,/mnt/imos-students/leko/projects/tb_experiments/scripts/structural_coverage/results_for_plotting/cora_np64_sweep/hypergraph/q01/seed06
67,hypergraph__q01__seed07,hypergraph,1,7,success,0,654.3996496200562,0,/mnt/imos-students/leko/projects/tb_experiments/scripts/structural_coverage/results/cora_np64_sweep/hypergraph/q01/seed07,/mnt/imos-students/leko/projects/tb_experiments/scripts/structural_coverage/results_for_plotting/cora_np64_sweep/hypergraph/q01/seed07
68,hypergraph__q01__seed08,hypergraph,1,8,success,0,650.5045039653778,0,/mnt/imos-students/leko/projects/tb_experiments/scripts/structural_coverage/results/cora_np64_sweep/hypergraph/q01/seed08,/mnt/imos-students/leko/projects/tb_experiments/scripts/structural_coverage/results_for_plotting/cora_np64_sweep/hypergraph/q01/seed08
69,hypergraph__q01__seed09,hypergraph,1,9,success,0,648.49724817276,0,/mnt/imos-students/leko/projects/tb_experiments/scripts/structural_coverage/results/cora_np64_sweep/hypergraph/q01/seed09,/mnt/imos-students/leko/projects/tb_experiments/scripts/structural_coverage/results_for_plotting/cora_np64_sweep/hypergraph/q01/seed09
70,hypergraph__q02__seed00,hypergraph,2,0,success,0,344.36195063591003,0,/mnt/imos-students/leko/projects/tb_experiments/scripts/structural_coverage/results/cora_np64_sweep/hypergraph/q02/seed00,/mnt/imos-students/leko/projects/tb_experiments/scripts/structural_coverage/results_for_plotting/cora_np64_sweep/hypergraph/q02/seed00
71,hypergraph__q02__seed01,hypergraph,2,1,success,0,342.3189027309418,0,/mnt/imos-students/leko/projects/tb_experiments/scripts/structural_coverage/results/cora_np64_sweep/hypergraph/q02/seed01,/mnt/imos-students/leko/projects/tb_experiments/scripts/structural_coverage/results_for_plotting/cora_np64_sweep/hypergraph/q02/seed01
72,hypergraph__q02__seed02,hypergraph,2,2,success,0,341.34586238861084,0,/mnt/imos-students/leko/projects/tb_experiments/scripts/structural_coverage/results/cora_np64_sweep/hypergraph/q02/seed02,/mnt/imos-students/leko/projects/tb_experiments/scripts/structural_coverage/results_for_plotting/cora_np64_sweep/hypergraph/q02/seed02
73,hypergraph__q02__seed03,hypergraph,2,3,success,0,342.8525195121765,0,/mnt/imos-students/leko/projects/tb_experiments/scripts/structural_coverage/results/cora_np64_sweep/hypergraph/q02/seed03,/mnt/imos-students/leko/projects/tb_experiments/scripts/structural_coverage/results_for_plotting/cora_np64_sweep/hypergraph/q02/seed03
74,hypergraph__q02__seed04,hypergraph,2,4,success,0,344.7440483570099,0,/mnt/imos-students/leko/projects/tb_experiments/scripts/structural_coverage/results/cora_np64_sweep/hypergraph/q02/seed04,/mnt/imos-students/leko/projects/tb_experiments/scripts/structural_coverage/results_for_plotting/cora_np64_sweep/hypergraph/q02/seed04
75,hypergraph__q02__seed05,hypergraph,2,5,success,0,342.7932653427124,0,/mnt/imos-students/leko/projects/tb_experiments/scripts/structural_coverage/results/cora_np64_sweep/hypergraph/q02/seed05,/mnt/imos-students/leko/projects/tb_experiments/scripts/structural_coverage/results_for_plotting/cora_np64_sweep/hypergraph/q02/seed05
76,hypergraph__q02__seed06,hypergraph,2,6,success,0,341.0327274799347,0,/mnt/imos-students/leko/projects/tb_experiments/scripts/structural_coverage/results/cora_np64_sweep/hypergraph/q02/seed06,/mnt/imos-students/leko/projects/tb_experiments/scripts/structural_coverage/results_for_plotting/cora_np64_sweep/hypergraph/q02/seed06
77,hypergraph__q02__seed07,hypergraph,2,7,success,0,341.20158791542053,0,/mnt/imos-students/leko/projects/tb_experiments/scripts/structural_coverage/results/cora_np64_sweep/hypergraph/q02/seed07,/mnt/imos-students/leko/projects/tb_experiments/scripts/structural_coverage/results_for_plotting/cora_np64_sweep/hypergraph/q02/seed07
78,hypergraph__q02__seed08,hypergraph,2,8,success,0,343.1300356388092,0,/mnt/imos-students/leko/projects/tb_experiments/scripts/structural_coverage/results/cora_np64_sweep/hypergraph/q02/seed08,/mnt/imos-students/leko/projects/tb_experiments/scripts/structural_coverage/results_for_plotting/cora_np64_sweep/hypergraph/q02/seed08
79,hypergraph__q02__seed09,hypergraph,2,9,success,0,341.388543844223,0,/mnt/imos-students/leko/projects/tb_experiments/scripts/structural_coverage/results/cora_np64_sweep/hypergraph/q02/seed09,/mnt/imos-students/leko/projects/tb_experiments/scripts/structural_coverage/results_for_plotting/cora_np64_sweep/hypergraph/q02/seed09
80,hypergraph__q04__seed00,hypergraph,4,0,success,0,196.29041194915771,0,/mnt/imos-students/leko/projects/tb_experiments/scripts/structural_coverage/results/cora_np64_sweep/hypergraph/q04/seed00,/mnt/imos-students/leko/projects/tb_experiments/scripts/structural_coverage/results_for_plotting/cora_np64_sweep/hypergraph/q04/seed00
81,hypergraph__q04__seed01,hypergraph,4,1,success,0,191.50945353507996,0,/mnt/imos-students/leko/projects/tb_experiments/scripts/structural_coverage/results/cora_np64_sweep/hypergraph/q04/seed01,/mnt/imos-students/leko/projects/tb_experiments/scripts/structural_coverage/results_for_plotting/cora_np64_sweep/hypergraph/q04/seed01
82,hypergraph__q04__seed02,hypergraph,4,2,success,0,189.05801272392273,0,/mnt/imos-students/leko/projects/tb_experiments/scripts/structural_coverage/results/cora_np64_sweep/hypergraph/q04/seed02,/mnt/imos-students/leko/projects/tb_experiments/scripts/structural_coverage/results_for_plotting/cora_np64_sweep/hypergraph/q04/seed02
83,hypergraph__q04__seed03,hypergraph,4,3,success,0,188.07191801071167,0,/mnt/imos-students/leko/projects/tb_experiments/scripts/structural_coverage/results/cora_np64_sweep/hypergraph/q04/seed03,/mnt/imos-students/leko/projects/tb_experiments/scripts/structural_coverage/results_for_plotting/cora_np64_sweep/hypergraph/q04/seed03
84,hypergraph__q04__seed04,hypergraph,4,4,success,0,190.5736904144287,0,/mnt/imos-students/leko/projects/tb_experiments/scripts/structural_coverage/results/cora_np64_sweep/hypergraph/q04/seed04,/mnt/imos-students/leko/projects/tb_experiments/scripts/structural_coverage/results_for_plotting/cora_np64_sweep/hypergraph/q04/seed04
85,hypergraph__q04__seed05,hypergraph,4,5,success,0,195.24380254745483,0,/mnt/imos-students/leko/projects/tb_experiments/scripts/structural_coverage/results/cora_np64_sweep/hypergraph/q04/seed05,/mnt/imos-students/leko/projects/tb_experiments/scripts/structural_coverage/results_for_plotting/cora_np64_sweep/hypergraph/q04/seed05
86,hypergraph__q04__seed06,hypergraph,4,6,success,0,189.04914355278015,0,/mnt/imos-students/leko/projects/tb_experiments/scripts/structural_coverage/results/cora_np64_sweep/hypergraph/q04/seed06,/mnt/imos-students/leko/projects/tb_experiments/scripts/structural_coverage/results_for_plotting/cora_np64_sweep/hypergraph/q04/seed06
87,hypergraph__q04__seed07,hypergraph,4,7,success,0,189.1087543964386,0,/mnt/imos-students/leko/projects/tb_experiments/scripts/structural_coverage/results/cora_np64_sweep/hypergraph/q04/seed07,/mnt/imos-students/leko/projects/tb_experiments/scripts/structural_coverage/results_for_plotting/cora_np64_sweep/hypergraph/q04/seed07
88,hypergraph__q04__seed08,hypergraph,4,8,success,0,190.3388967514038,0,/mnt/imos-students/leko/projects/tb_experiments/scripts/structural_coverage/results/cora_np64_sweep/hypergraph/q04/seed08,/mnt/imos-students/leko/projects/tb_experiments/scripts/structural_coverage/results_for_plotting/cora_np64_sweep/hypergraph/q04/seed08
89,hypergraph__q04__seed09,hypergraph,4,9,success,0,187.9133894443512,0,/mnt/imos-students/leko/projects/tb_experiments/scripts/structural_coverage/results/cora_np64_sweep/hypergraph/q04/seed09,/mnt/imos-students/leko/projects/tb_experiments/scripts/structural_coverage/results_for_plotting/cora_np64_sweep/hypergraph/q04/seed09
90,hypergraph__q08__seed00,hypergraph,8,0,success,0,145.98230648040771,0,/mnt/imos-students/leko/projects/tb_experiments/scripts/structural_coverage/results/cora_np64_sweep/hypergraph/q08/seed00,/mnt/imos-students/leko/projects/tb_experiments/scripts/structural_coverage/results_for_plotting/cora_np64_sweep/hypergraph/q08/seed00
91,hypergraph__q08__seed01,hypergraph,8,1,success,0,136.44282865524292,0,/mnt/imos-students/leko/projects/tb_experiments/scripts/structural_coverage/results/cora_np64_sweep/hypergraph/q08/seed01,/mnt/imos-students/leko/projects/tb_experiments/scripts/structural_coverage/results_for_plotting/cora_np64_sweep/hypergraph/q08/seed01
92,hypergraph__q08__seed02,hypergraph,8,2,success,0,150.15211176872253,0,/mnt/imos-students/leko/projects/tb_experiments/scripts/structural_coverage/results/cora_np64_sweep/hypergraph/q08/seed02,/mnt/imos-students/leko/projects/tb_experiments/scripts/structural_coverage/results_for_plotting/cora_np64_sweep/hypergraph/q08/seed02
93,hypergraph__q08__seed03,hypergraph,8,3,success,0,141.66400718688965,0,/mnt/imos-students/leko/projects/tb_experiments/scripts/structural_coverage/results/cora_np64_sweep/hypergraph/q08/seed03,/mnt/imos-students/leko/projects/tb_experiments/scripts/structural_coverage/results_for_plotting/cora_np64_sweep/hypergraph/q08/seed03
94,hypergraph__q08__seed04,hypergraph,8,4,success,0,150.72102332115173,0,/mnt/imos-students/leko/projects/tb_experiments/scripts/structural_coverage/results/cora_np64_sweep/hypergraph/q08/seed04,/mnt/imos-students/leko/projects/tb_experiments/scripts/structural_coverage/results_for_plotting/cora_np64_sweep/hypergraph/q08/seed04
95,hypergraph__q08__seed05,hypergraph,8,5,success,0,140.92337775230408,0,/mnt/imos-students/leko/projects/tb_experiments/scripts/structural_coverage/results/cora_np64_sweep/hypergraph/q08/seed05,/mnt/imos-students/leko/projects/tb_experiments/scripts/structural_coverage/results_for_plotting/cora_np64_sweep/hypergraph/q08/seed05
96,hypergraph__q08__seed06,hypergraph,8,6,success,0,139.06386613845825,0,/mnt/imos-students/leko/projects/tb_experiments/scripts/structural_coverage/results/cora_np64_sweep/hypergraph/q08/seed06,/mnt/imos-students/leko/projects/tb_experiments/scripts/structural_coverage/results_for_plotting/cora_np64_sweep/hypergraph/q08/seed06
97,hypergraph__q08__seed07,hypergraph,8,7,success,0,139.96191573143005,0,/mnt/imos-students/leko/projects/tb_experiments/scripts/structural_coverage/results/cora_np64_sweep/hypergraph/q08/seed07,/mnt/imos-students/leko/projects/tb_experiments/scripts/structural_coverage/results_for_plotting/cora_np64_sweep/hypergraph/q08/seed07
98,hypergraph__q08__seed08,hypergraph,8,8,success,0,139.97637915611267,0,/mnt/imos-students/leko/projects/tb_experiments/scripts/structural_coverage/results/cora_np64_sweep/hypergraph/q08/seed08,/mnt/imos-students/leko/projects/tb_experiments/scripts/structural_coverage/results_for_plotting/cora_np64_sweep/hypergraph/q08/seed08
99,hypergraph__q08__seed09,hypergraph,8,9,success,0,138.60048532485962,0,/mnt/imos-students/leko/projects/tb_experiments/scripts/structural_coverage/results/cora_np64_sweep/hypergraph/q08/seed09,/mnt/imos-students/leko/projects/tb_experiments/scripts/structural_coverage/results_for_plotting/cora_np64_sweep/hypergraph/q08/seed09
100,hypergraph__q16__seed00,hypergraph,16,0,success,0,135.87563610076904,0,/mnt/imos-students/leko/projects/tb_experiments/scripts/structural_coverage/results/cora_np64_sweep/hypergraph/q16/seed00,/mnt/imos-students/leko/projects/tb_experiments/scripts/structural_coverage/results_for_plotting/cora_np64_sweep/hypergraph/q16/seed00
101,hypergraph__q16__seed01,hypergraph,16,1,success,0,137.288512468338,0,/mnt/imos-students/leko/projects/tb_experiments/scripts/structural_coverage/results/cora_np64_sweep/hypergraph/q16/seed01,/mnt/imos-students/leko/projects/tb_experiments/scripts/structural_coverage/results_for_plotting/cora_np64_sweep/hypergraph/q16/seed01
102,hypergraph__q16__seed02,hypergraph,16,2,success,0,137.26904559135437,0,/mnt/imos-students/leko/projects/tb_experiments/scripts/structural_coverage/results/cora_np64_sweep/hypergraph/q16/seed02,/mnt/imos-students/leko/projects/tb_experiments/scripts/structural_coverage/results_for_plotting/cora_np64_sweep/hypergraph/q16/seed02
103,hypergraph__q16__seed03,hypergraph,16,3,success,0,138.52763485908508,0,/mnt/imos-students/leko/projects/tb_experiments/scripts/structural_coverage/results/cora_np64_sweep/hypergraph/q16/seed03,/mnt/imos-students/leko/projects/tb_experiments/scripts/structural_coverage/results_for_plotting/cora_np64_sweep/hypergraph/q16/seed03
104,hypergraph__q16__seed04,hypergraph,16,4,success,0,136.68373680114746,0,/mnt/imos-students/leko/projects/tb_experiments/scripts/structural_coverage/results/cora_np64_sweep/hypergraph/q16/seed04,/mnt/imos-students/leko/projects/tb_experiments/scripts/structural_coverage/results_for_plotting/cora_np64_sweep/hypergraph/q16/seed04
105,hypergraph__q16__seed05,hypergraph,16,5,success,0,131.4620716571808,0,/mnt/imos-students/leko/projects/tb_experiments/scripts/structural_coverage/results/cora_np64_sweep/hypergraph/q16/seed05,/mnt/imos-students/leko/projects/tb_experiments/scripts/structural_coverage/results_for_plotting/cora_np64_sweep/hypergraph/q16/seed05
106,hypergraph__q16__seed06,hypergraph,16,6,success,0,140.29464602470398,0,/mnt/imos-students/leko/projects/tb_experiments/scripts/structural_coverage/results/cora_np64_sweep/hypergraph/q16/seed06,/mnt/imos-students/leko/projects/tb_experiments/scripts/structural_coverage/results_for_plotting/cora_np64_sweep/hypergraph/q16/seed06
107,hypergraph__q16__seed07,hypergraph,16,7,success,0,131.01847982406616,0,/mnt/imos-students/leko/projects/tb_experiments/scripts/structural_coverage/results/cora_np64_sweep/hypergraph/q16/seed07,/mnt/imos-students/leko/projects/tb_experiments/scripts/structural_coverage/results_for_plotting/cora_np64_sweep/hypergraph/q16/seed07
108,hypergraph__q16__seed08,hypergraph,16,8,success,0,135.18040919303894,0,/mnt/imos-students/leko/projects/tb_experiments/scripts/structural_coverage/results/cora_np64_sweep/hypergraph/q16/seed08,/mnt/imos-students/leko/projects/tb_experiments/scripts/structural_coverage/results_for_plotting/cora_np64_sweep/hypergraph/q16/seed08
109,hypergraph__q16__seed09,hypergraph,16,9,success,0,134.33277583122253,0,/mnt/imos-students/leko/projects/tb_experiments/scripts/structural_coverage/results/cora_np64_sweep/hypergraph/q16/seed09,/mnt/imos-students/leko/projects/tb_experiments/scripts/structural_coverage/results_for_plotting/cora_np64_sweep/hypergraph/q16/seed09
110,hypergraph__q32__seed00,hypergraph,32,0,success,0,146.6864275932312,0,/mnt/imos-students/leko/projects/tb_experiments/scripts/structural_coverage/results/cora_np64_sweep/hypergraph/q32/seed00,/mnt/imos-students/leko/projects/tb_experiments/scripts/structural_coverage/results_for_plotting/cora_np64_sweep/hypergraph/q32/seed00
111,hypergraph__q32__seed01,hypergraph,32,1,success,0,145.24467062950134,0,/mnt/imos-students/leko/projects/tb_experiments/scripts/structural_coverage/results/cora_np64_sweep/hypergraph/q32/seed01,/mnt/imos-students/leko/projects/tb_experiments/scripts/structural_coverage/results_for_plotting/cora_np64_sweep/hypergraph/q32/seed01
112,hypergraph__q32__seed02,hypergraph,32,2,success,0,143.9624149799347,0,/mnt/imos-students/leko/projects/tb_experiments/scripts/structural_coverage/results/cora_np64_sweep/hypergraph/q32/seed02,/mnt/imos-students/leko/projects/tb_experiments/scripts/structural_coverage/results_for_plotting/cora_np64_sweep/hypergraph/q32/seed02
113,hypergraph__q32__seed03,hypergraph,32,3,success,0,145.5240285396576,0,/mnt/imos-students/leko/projects/tb_experiments/scripts/structural_coverage/results/cora_np64_sweep/hypergraph/q32/seed03,/mnt/imos-students/leko/projects/tb_experiments/scripts/structural_coverage/results_for_plotting/cora_np64_sweep/hypergraph/q32/seed03
114,hypergraph__q32__seed04,hypergraph,32,4,success,0,144.72852540016174,0,/mnt/imos-students/leko/projects/tb_experiments/scripts/structural_coverage/results/cora_np64_sweep/hypergraph/q32/seed04,/mnt/imos-students/leko/projects/tb_experiments/scripts/structural_coverage/results_for_plotting/cora_np64_sweep/hypergraph/q32/seed04
115,hypergraph__q32__seed05,hypergraph,32,5,success,0,153.89990520477295,0,/mnt/imos-students/leko/projects/tb_experiments/scripts/structural_coverage/results/cora_np64_sweep/hypergraph/q32/seed05,/mnt/imos-students/leko/projects/tb_experiments/scripts/structural_coverage/results_for_plotting/cora_np64_sweep/hypergraph/q32/seed05
116,hypergraph__q32__seed06,hypergraph,32,6,success,0,145.85621190071106,0,/mnt/imos-students/leko/projects/tb_experiments/scripts/structural_coverage/results/cora_np64_sweep/hypergraph/q32/seed06,/mnt/imos-students/leko/projects/tb_experiments/scripts/structural_coverage/results_for_plotting/cora_np64_sweep/hypergraph/q32/seed06
117,hypergraph__q32__seed07,hypergraph,32,7,success,0,142.34942889213562,0,/mnt/imos-students/leko/projects/tb_experiments/scripts/structural_coverage/results/cora_np64_sweep/hypergraph/q32/seed07,/mnt/imos-students/leko/projects/tb_experiments/scripts/structural_coverage/results_for_plotting/cora_np64_sweep/hypergraph/q32/seed07
118,hypergraph__q32__seed08,hypergraph,32,8,success,0,142.7718951702118,0,/mnt/imos-students/leko/projects/tb_experiments/scripts/structural_coverage/results/cora_np64_sweep/hypergraph/q32/seed08,/mnt/imos-students/leko/projects/tb_experiments/scripts/structural_coverage/results_for_plotting/cora_np64_sweep/hypergraph/q32/seed08
119,hypergraph__q32__seed09,hypergraph,32,9,success,0,142.17985701560974,0,/mnt/imos-students/leko/projects/tb_experiments/scripts/structural_coverage/results/cora_np64_sweep/hypergraph/q32/seed09,/mnt/imos-students/leko/projects/tb_experiments/scripts/structural_coverage/results_for_plotting/cora_np64_sweep/hypergraph/q32/seed09
120,cell_basis__q01__seed00,cell_basis,1,0,success,0,2798.4191851615906,0,/mnt/imos-students/leko/projects/tb_experiments/scripts/structural_coverage/results/cora_np64_sweep/cell_basis/q01/seed00,/mnt/imos-students/leko/projects/tb_experiments/scripts/structural_coverage/results_for_plotting/cora_np64_sweep/cell_basis/q01/seed00
121,cell_basis__q01__seed01,cell_basis,1,1,success,0,2793.2905395030975,0,/mnt/imos-students/leko/projects/tb_experiments/scripts/structural_coverage/results/cora_np64_sweep/cell_basis/q01/seed01,/mnt/imos-students/leko/projects/tb_experiments/scripts/structural_coverage/results_for_plotting/cora_np64_sweep/cell_basis/q01/seed01
122,cell_basis__q01__seed02,cell_basis,1,2,success,0,2797.222099542618,0,/mnt/imos-students/leko/projects/tb_experiments/scripts/structural_coverage/results/cora_np64_sweep/cell_basis/q01/seed02,/mnt/imos-students/leko/projects/tb_experiments/scripts/structural_coverage/results_for_plotting/cora_np64_sweep/cell_basis/q01/seed02
123,cell_basis__q01__seed03,cell_basis,1,3,success,0,2802.875398159027,0,/mnt/imos-students/leko/projects/tb_experiments/scripts/structural_coverage/results/cora_np64_sweep/cell_basis/q01/seed03,/mnt/imos-students/leko/projects/tb_experiments/scripts/structural_coverage/results_for_plotting/cora_np64_sweep/cell_basis/q01/seed03
124,cell_basis__q01__seed04,cell_basis,1,4,success,0,2800.9840545654297,0,/mnt/imos-students/leko/projects/tb_experiments/scripts/structural_coverage/results/cora_np64_sweep/cell_basis/q01/seed04,/mnt/imos-students/leko/projects/tb_experiments/scripts/structural_coverage/results_for_plotting/cora_np64_sweep/cell_basis/q01/seed04
125,cell_basis__q01__seed05,cell_basis,1,5,success,0,2803.3391904830933,0,/mnt/imos-students/leko/projects/tb_experiments/scripts/structural_coverage/results/cora_np64_sweep/cell_basis/q01/seed05,/mnt/imos-students/leko/projects/tb_experiments/scripts/structural_coverage/results_for_plotting/cora_np64_sweep/cell_basis/q01/seed05
126,cell_basis__q01__seed06,cell_basis,1,6,success,0,2806.7512605190277,0,/mnt/imos-students/leko/projects/tb_experiments/scripts/structural_coverage/results/cora_np64_sweep/cell_basis/q01/seed06,/mnt/imos-students/leko/projects/tb_experiments/scripts/structural_coverage/results_for_plotting/cora_np64_sweep/cell_basis/q01/seed06
127,cell_basis__q01__seed07,cell_basis,1,7,success,0,2805.5718841552734,0,/mnt/imos-students/leko/projects/tb_experiments/scripts/structural_coverage/results/cora_np64_sweep/cell_basis/q01/seed07,/mnt/imos-students/leko/projects/tb_experiments/scripts/structural_coverage/results_for_plotting/cora_np64_sweep/cell_basis/q01/seed07
128,cell_basis__q01__seed08,cell_basis,1,8,success,0,2799.632729768753,0,/mnt/imos-students/leko/projects/tb_experiments/scripts/structural_coverage/results/cora_np64_sweep/cell_basis/q01/seed08,/mnt/imos-students/leko/projects/tb_experiments/scripts/structural_coverage/results_for_plotting/cora_np64_sweep/cell_basis/q01/seed08
129,cell_basis__q01__seed09,cell_basis,1,9,success,0,2799.1207869052887,0,/mnt/imos-students/leko/projects/tb_experiments/scripts/structural_coverage/results/cora_np64_sweep/cell_basis/q01/seed09,/mnt/imos-students/leko/projects/tb_experiments/scripts/structural_coverage/results_for_plotting/cora_np64_sweep/cell_basis/q01/seed09
130,cell_basis__q02__seed00,cell_basis,2,0,success,0,1420.0963034629822,0,/mnt/imos-students/leko/projects/tb_experiments/scripts/structural_coverage/results/cora_np64_sweep/cell_basis/q02/seed00,/mnt/imos-students/leko/projects/tb_experiments/scripts/structural_coverage/results_for_plotting/cora_np64_sweep/cell_basis/q02/seed00
131,cell_basis__q02__seed01,cell_basis,2,1,success,0,1422.366346359253,0,/mnt/imos-students/leko/projects/tb_experiments/scripts/structural_coverage/results/cora_np64_sweep/cell_basis/q02/seed01,/mnt/imos-students/leko/projects/tb_experiments/scripts/structural_coverage/results_for_plotting/cora_np64_sweep/cell_basis/q02/seed01
132,cell_basis__q02__seed02,cell_basis,2,2,success,0,1428.5180938243866,0,/mnt/imos-students/leko/projects/tb_experiments/scripts/structural_coverage/results/cora_np64_sweep/cell_basis/q02/seed02,/mnt/imos-students/leko/projects/tb_experiments/scripts/structural_coverage/results_for_plotting/cora_np64_sweep/cell_basis/q02/seed02
133,cell_basis__q02__seed03,cell_basis,2,3,success,0,1430.526930809021,0,/mnt/imos-students/leko/projects/tb_experiments/scripts/structural_coverage/results/cora_np64_sweep/cell_basis/q02/seed03,/mnt/imos-students/leko/projects/tb_experiments/scripts/structural_coverage/results_for_plotting/cora_np64_sweep/cell_basis/q02/seed03
134,cell_basis__q02__seed04,cell_basis,2,4,success,0,1429.7832162380219,0,/mnt/imos-students/leko/projects/tb_experiments/scripts/structural_coverage/results/cora_np64_sweep/cell_basis/q02/seed04,/mnt/imos-students/leko/projects/tb_experiments/scripts/structural_coverage/results_for_plotting/cora_np64_sweep/cell_basis/q02/seed04
135,cell_basis__q02__seed05,cell_basis,2,5,success,0,1429.6170659065247,0,/mnt/imos-students/leko/projects/tb_experiments/scripts/structural_coverage/results/cora_np64_sweep/cell_basis/q02/seed05,/mnt/imos-students/leko/projects/tb_experiments/scripts/structural_coverage/results_for_plotting/cora_np64_sweep/cell_basis/q02/seed05
136,cell_basis__q02__seed06,cell_basis,2,6,success,0,1428.6547636985779,0,/mnt/imos-students/leko/projects/tb_experiments/scripts/structural_coverage/results/cora_np64_sweep/cell_basis/q02/seed06,/mnt/imos-students/leko/projects/tb_experiments/scripts/structural_coverage/results_for_plotting/cora_np64_sweep/cell_basis/q02/seed06
137,cell_basis__q02__seed07,cell_basis,2,7,success,0,1434.0016069412231,0,/mnt/imos-students/leko/projects/tb_experiments/scripts/structural_coverage/results/cora_np64_sweep/cell_basis/q02/seed07,/mnt/imos-students/leko/projects/tb_experiments/scripts/structural_coverage/results_for_plotting/cora_np64_sweep/cell_basis/q02/seed07
138,cell_basis__q02__seed08,cell_basis,2,8,success,0,1432.3022532463074,0,/mnt/imos-students/leko/projects/tb_experiments/scripts/structural_coverage/results/cora_np64_sweep/cell_basis/q02/seed08,/mnt/imos-students/leko/projects/tb_experiments/scripts/structural_coverage/results_for_plotting/cora_np64_sweep/cell_basis/q02/seed08
139,cell_basis__q02__seed09,cell_basis,2,9,success,0,1431.730563402176,0,/mnt/imos-students/leko/projects/tb_experiments/scripts/structural_coverage/results/cora_np64_sweep/cell_basis/q02/seed09,/mnt/imos-students/leko/projects/tb_experiments/scripts/structural_coverage/results_for_plotting/cora_np64_sweep/cell_basis/q02/seed09
140,cell_basis__q04__seed00,cell_basis,4,0,success,0,734.4592425823212,0,/mnt/imos-students/leko/projects/tb_experiments/scripts/structural_coverage/results/cora_np64_sweep/cell_basis/q04/seed00,/mnt/imos-students/leko/projects/tb_experiments/scripts/structural_coverage/results_for_plotting/cora_np64_sweep/cell_basis/q04/seed00
141,cell_basis__q04__seed01,cell_basis,4,1,success,0,728.5548810958862,0,/mnt/imos-students/leko/projects/tb_experiments/scripts/structural_coverage/results/cora_np64_sweep/cell_basis/q04/seed01,/mnt/imos-students/leko/projects/tb_experiments/scripts/structural_coverage/results_for_plotting/cora_np64_sweep/cell_basis/q04/seed01
142,cell_basis__q04__seed02,cell_basis,4,2,success,0,728.1442337036133,0,/mnt/imos-students/leko/projects/tb_experiments/scripts/structural_coverage/results/cora_np64_sweep/cell_basis/q04/seed02,/mnt/imos-students/leko/projects/tb_experiments/scripts/structural_coverage/results_for_plotting/cora_np64_sweep/cell_basis/q04/seed02
143,cell_basis__q04__seed03,cell_basis,4,3,success,0,737.7390866279602,0,/mnt/imos-students/leko/projects/tb_experiments/scripts/structural_coverage/results/cora_np64_sweep/cell_basis/q04/seed03,/mnt/imos-students/leko/projects/tb_experiments/scripts/structural_coverage/results_for_plotting/cora_np64_sweep/cell_basis/q04/seed03
144,cell_basis__q04__seed04,cell_basis,4,4,success,0,734.6469738483429,0,/mnt/imos-students/leko/projects/tb_experiments/scripts/structural_coverage/results/cora_np64_sweep/cell_basis/q04/seed04,/mnt/imos-students/leko/projects/tb_experiments/scripts/structural_coverage/results_for_plotting/cora_np64_sweep/cell_basis/q04/seed04
145,cell_basis__q04__seed05,cell_basis,4,5,success,0,736.2734282016754,0,/mnt/imos-students/leko/projects/tb_experiments/scripts/structural_coverage/results/cora_np64_sweep/cell_basis/q04/seed05,/mnt/imos-students/leko/projects/tb_experiments/scripts/structural_coverage/results_for_plotting/cora_np64_sweep/cell_basis/q04/seed05
146,cell_basis__q04__seed06,cell_basis,4,6,success,0,734.5831134319305,0,/mnt/imos-students/leko/projects/tb_experiments/scripts/structural_coverage/results/cora_np64_sweep/cell_basis/q04/seed06,/mnt/imos-students/leko/projects/tb_experiments/scripts/structural_coverage/results_for_plotting/cora_np64_sweep/cell_basis/q04/seed06
147,cell_basis__q04__seed07,cell_basis,4,7,success,0,736.559960603714,0,/mnt/imos-students/leko/projects/tb_experiments/scripts/structural_coverage/results/cora_np64_sweep/cell_basis/q04/seed07,/mnt/imos-students/leko/projects/tb_experiments/scripts/structural_coverage/results_for_plotting/cora_np64_sweep/cell_basis/q04/seed07
148,cell_basis__q04__seed08,cell_basis,4,8,success,0,735.7390987873077,0,/mnt/imos-students/leko/projects/tb_experiments/scripts/structural_coverage/results/cora_np64_sweep/cell_basis/q04/seed08,/mnt/imos-students/leko/projects/tb_experiments/scripts/structural_coverage/results_for_plotting/cora_np64_sweep/cell_basis/q04/seed08
149,cell_basis__q04__seed09,cell_basis,4,9,success,0,735.5436975955963,0,/mnt/imos-students/leko/projects/tb_experiments/scripts/structural_coverage/results/cora_np64_sweep/cell_basis/q04/seed09,/mnt/imos-students/leko/projects/tb_experiments/scripts/structural_coverage/results_for_plotting/cora_np64_sweep/cell_basis/q04/seed09
150,cell_basis__q08__seed00,cell_basis,8,0,success,0,382.49426531791687,0,/mnt/imos-students/leko/projects/tb_experiments/scripts/structural_coverage/results/cora_np64_sweep/cell_basis/q08/seed00,/mnt/imos-students/leko/projects/tb_experiments/scripts/structural_coverage/results_for_plotting/cora_np64_sweep/cell_basis/q08/seed00
151,cell_basis__q08__seed01,cell_basis,8,1,success,0,379.51669049263,0,/mnt/imos-students/leko/projects/tb_experiments/scripts/structural_coverage/results/cora_np64_sweep/cell_basis/q08/seed01,/mnt/imos-students/leko/projects/tb_experiments/scripts/structural_coverage/results_for_plotting/cora_np64_sweep/cell_basis/q08/seed01
152,cell_basis__q08__seed02,cell_basis,8,2,success,0,382.8139476776123,0,/mnt/imos-students/leko/projects/tb_experiments/scripts/structural_coverage/results/cora_np64_sweep/cell_basis/q08/seed02,/mnt/imos-students/leko/projects/tb_experiments/scripts/structural_coverage/results_for_plotting/cora_np64_sweep/cell_basis/q08/seed02
153,cell_basis__q08__seed03,cell_basis,8,3,success,0,378.40658807754517,0,/mnt/imos-students/leko/projects/tb_experiments/scripts/structural_coverage/results/cora_np64_sweep/cell_basis/q08/seed03,/mnt/imos-students/leko/projects/tb_experiments/scripts/structural_coverage/results_for_plotting/cora_np64_sweep/cell_basis/q08/seed03
154,cell_basis__q08__seed04,cell_basis,8,4,success,0,379.5754783153534,0,/mnt/imos-students/leko/projects/tb_experiments/scripts/structural_coverage/results/cora_np64_sweep/cell_basis/q08/seed04,/mnt/imos-students/leko/projects/tb_experiments/scripts/structural_coverage/results_for_plotting/cora_np64_sweep/cell_basis/q08/seed04
155,cell_basis__q08__seed05,cell_basis,8,5,success,0,382.85779762268066,0,/mnt/imos-students/leko/projects/tb_experiments/scripts/structural_coverage/results/cora_np64_sweep/cell_basis/q08/seed05,/mnt/imos-students/leko/projects/tb_experiments/scripts/structural_coverage/results_for_plotting/cora_np64_sweep/cell_basis/q08/seed05
156,cell_basis__q08__seed06,cell_basis,8,6,success,0,383.37117075920105,0,/mnt/imos-students/leko/projects/tb_experiments/scripts/structural_coverage/results/cora_np64_sweep/cell_basis/q08/seed06,/mnt/imos-students/leko/projects/tb_experiments/scripts/structural_coverage/results_for_plotting/cora_np64_sweep/cell_basis/q08/seed06
157,cell_basis__q08__seed07,cell_basis,8,7,success,0,381.7032570838928,0,/mnt/imos-students/leko/projects/tb_experiments/scripts/structural_coverage/results/cora_np64_sweep/cell_basis/q08/seed07,/mnt/imos-students/leko/projects/tb_experiments/scripts/structural_coverage/results_for_plotting/cora_np64_sweep/cell_basis/q08/seed07
158,cell_basis__q08__seed08,cell_basis,8,8,success,0,382.11657524108887,0,/mnt/imos-students/leko/projects/tb_experiments/scripts/structural_coverage/results/cora_np64_sweep/cell_basis/q08/seed08,/mnt/imos-students/leko/projects/tb_experiments/scripts/structural_coverage/results_for_plotting/cora_np64_sweep/cell_basis/q08/seed08
159,cell_basis__q08__seed09,cell_basis,8,9,success,0,382.3693528175354,0,/mnt/imos-students/leko/projects/tb_experiments/scripts/structural_coverage/results/cora_np64_sweep/cell_basis/q08/seed09,/mnt/imos-students/leko/projects/tb_experiments/scripts/structural_coverage/results_for_plotting/cora_np64_sweep/cell_basis/q08/seed09
160,cell_basis__q16__seed00,cell_basis,16,0,success,0,226.49854683876038,0,/mnt/imos-students/leko/projects/tb_experiments/scripts/structural_coverage/results/cora_np64_sweep/cell_basis/q16/seed00,/mnt/imos-students/leko/projects/tb_experiments/scripts/structural_coverage/results_for_plotting/cora_np64_sweep/cell_basis/q16/seed00
161,cell_basis__q16__seed01,cell_basis,16,1,success,0,218.53536224365234,0,/mnt/imos-students/leko/projects/tb_experiments/scripts/structural_coverage/results/cora_np64_sweep/cell_basis/q16/seed01,/mnt/imos-students/leko/projects/tb_experiments/scripts/structural_coverage/results_for_plotting/cora_np64_sweep/cell_basis/q16/seed01
162,cell_basis__q16__seed02,cell_basis,16,2,success,0,213.8926351070404,0,/mnt/imos-students/leko/projects/tb_experiments/scripts/structural_coverage/results/cora_np64_sweep/cell_basis/q16/seed02,/mnt/imos-students/leko/projects/tb_experiments/scripts/structural_coverage/results_for_plotting/cora_np64_sweep/cell_basis/q16/seed02
163,cell_basis__q16__seed03,cell_basis,16,3,success,0,213.09623551368713,0,/mnt/imos-students/leko/projects/tb_experiments/scripts/structural_coverage/results/cora_np64_sweep/cell_basis/q16/seed03,/mnt/imos-students/leko/projects/tb_experiments/scripts/structural_coverage/results_for_plotting/cora_np64_sweep/cell_basis/q16/seed03
164,cell_basis__q16__seed04,cell_basis,16,4,success,0,215.1388943195343,0,/mnt/imos-students/leko/projects/tb_experiments/scripts/structural_coverage/results/cora_np64_sweep/cell_basis/q16/seed04,/mnt/imos-students/leko/projects/tb_experiments/scripts/structural_coverage/results_for_plotting/cora_np64_sweep/cell_basis/q16/seed04
165,cell_basis__q16__seed05,cell_basis,16,5,success,0,213.33489632606506,0,/mnt/imos-students/leko/projects/tb_experiments/scripts/structural_coverage/results/cora_np64_sweep/cell_basis/q16/seed05,/mnt/imos-students/leko/projects/tb_experiments/scripts/structural_coverage/results_for_plotting/cora_np64_sweep/cell_basis/q16/seed05
166,cell_basis__q16__seed06,cell_basis,16,6,success,0,212.5984869003296,0,/mnt/imos-students/leko/projects/tb_experiments/scripts/structural_coverage/results/cora_np64_sweep/cell_basis/q16/seed06,/mnt/imos-students/leko/projects/tb_experiments/scripts/structural_coverage/results_for_plotting/cora_np64_sweep/cell_basis/q16/seed06
167,cell_basis__q16__seed07,cell_basis,16,7,success,0,208.92505812644958,0,/mnt/imos-students/leko/projects/tb_experiments/scripts/structural_coverage/results/cora_np64_sweep/cell_basis/q16/seed07,/mnt/imos-students/leko/projects/tb_experiments/scripts/structural_coverage/results_for_plotting/cora_np64_sweep/cell_basis/q16/seed07
168,cell_basis__q16__seed08,cell_basis,16,8,success,0,214.55963850021362,0,/mnt/imos-students/leko/projects/tb_experiments/scripts/structural_coverage/results/cora_np64_sweep/cell_basis/q16/seed08,/mnt/imos-students/leko/projects/tb_experiments/scripts/structural_coverage/results_for_plotting/cora_np64_sweep/cell_basis/q16/seed08
169,cell_basis__q16__seed09,cell_basis,16,9,success,0,209.86090207099915,0,/mnt/imos-students/leko/projects/tb_experiments/scripts/structural_coverage/results/cora_np64_sweep/cell_basis/q16/seed09,/mnt/imos-students/leko/projects/tb_experiments/scripts/structural_coverage/results_for_plotting/cora_np64_sweep/cell_basis/q16/seed09
170,cell_basis__q32__seed00,cell_basis,32,0,success,0,158.40384936332703,0,/mnt/imos-students/leko/projects/tb_experiments/scripts/structural_coverage/results/cora_np64_sweep/cell_basis/q32/seed00,/mnt/imos-students/leko/projects/tb_experiments/scripts/structural_coverage/results_for_plotting/cora_np64_sweep/cell_basis/q32/seed00
171,cell_basis__q32__seed01,cell_basis,32,1,success,0,173.40502786636353,0,/mnt/imos-students/leko/projects/tb_experiments/scripts/structural_coverage/results/cora_np64_sweep/cell_basis/q32/seed01,/mnt/imos-students/leko/projects/tb_experiments/scripts/structural_coverage/results_for_plotting/cora_np64_sweep/cell_basis/q32/seed01
172,cell_basis__q32__seed02,cell_basis,32,2,success,0,155.5810203552246,0,/mnt/imos-students/leko/projects/tb_experiments/scripts/structural_coverage/results/cora_np64_sweep/cell_basis/q32/seed02,/mnt/imos-students/leko/projects/tb_experiments/scripts/structural_coverage/results_for_plotting/cora_np64_sweep/cell_basis/q32/seed02
173,cell_basis__q32__seed03,cell_basis,32,3,success,0,168.73517727851868,0,/mnt/imos-students/leko/projects/tb_experiments/scripts/structural_coverage/results/cora_np64_sweep/cell_basis/q32/seed03,/mnt/imos-students/leko/projects/tb_experiments/scripts/structural_coverage/results_for_plotting/cora_np64_sweep/cell_basis/q32/seed03
174,cell_basis__q32__seed04,cell_basis,32,4,success,0,159.23455715179443,0,/mnt/imos-students/leko/projects/tb_experiments/scripts/structural_coverage/results/cora_np64_sweep/cell_basis/q32/seed04,/mnt/imos-students/leko/projects/tb_experiments/scripts/structural_coverage/results_for_plotting/cora_np64_sweep/cell_basis/q32/seed04
175,cell_basis__q32__seed05,cell_basis,32,5,success,0,158.86873316764832,0,/mnt/imos-students/leko/projects/tb_experiments/scripts/structural_coverage/results/cora_np64_sweep/cell_basis/q32/seed05,/mnt/imos-students/leko/projects/tb_experiments/scripts/structural_coverage/results_for_plotting/cora_np64_sweep/cell_basis/q32/seed05
176,cell_basis__q32__seed06,cell_basis,32,6,success,0,162.86946082115173,0,/mnt/imos-students/leko/projects/tb_experiments/scripts/structural_coverage/results/cora_np64_sweep/cell_basis/q32/seed06,/mnt/imos-students/leko/projects/tb_experiments/scripts/structural_coverage/results_for_plotting/cora_np64_sweep/cell_basis/q32/seed06
177,cell_basis__q32__seed07,cell_basis,32,7,success,0,177.9870285987854,0,/mnt/imos-students/leko/projects/tb_experiments/scripts/structural_coverage/results/cora_np64_sweep/cell_basis/q32/seed07,/mnt/imos-students/leko/projects/tb_experiments/scripts/structural_coverage/results_for_plotting/cora_np64_sweep/cell_basis/q32/seed07
178,cell_basis__q32__seed08,cell_basis,32,8,success,0,158.71211433410645,0,/mnt/imos-students/leko/projects/tb_experiments/scripts/structural_coverage/results/cora_np64_sweep/cell_basis/q32/seed08,/mnt/imos-students/leko/projects/tb_experiments/scripts/structural_coverage/results_for_plotting/cora_np64_sweep/cell_basis/q32/seed08
179,cell_basis__q32__seed09,cell_basis,32,9,success,0,160.9692313671112,0,/mnt/imos-students/leko/projects/tb_experiments/scripts/structural_coverage/results/cora_np64_sweep/cell_basis/q32/seed09,/mnt/imos-students/leko/projects/tb_experiments/scripts/structural_coverage/results_for_plotting/cora_np64_sweep/cell_basis/q32/seed09
180,cell_simple_coverage__q01__seed00,cell_simple_coverage,1,0,success,0,2463.160852432251,0,/mnt/imos-students/leko/projects/tb_experiments/scripts/structural_coverage/results/cora_np64_sweep/cell_simple_coverage/q01/seed00,/mnt/imos-students/leko/projects/tb_experiments/scripts/structural_coverage/results_for_plotting/cora_np64_sweep/cell_simple_coverage/q01/seed00
181,cell_simple_coverage__q01__seed01,cell_simple_coverage,1,1,success,0,3823.219458580017,0,/mnt/imos-students/leko/projects/tb_experiments/scripts/structural_coverage/results/cora_np64_sweep/cell_simple_coverage/q01/seed01,/mnt/imos-students/leko/projects/tb_experiments/scripts/structural_coverage/results_for_plotting/cora_np64_sweep/cell_simple_coverage/q01/seed01
182,cell_simple_coverage__q01__seed02,cell_simple_coverage,1,2,success,0,3823.0405564308167,0,/mnt/imos-students/leko/projects/tb_experiments/scripts/structural_coverage/results/cora_np64_sweep/cell_simple_coverage/q01/seed02,/mnt/imos-students/leko/projects/tb_experiments/scripts/structural_coverage/results_for_plotting/cora_np64_sweep/cell_simple_coverage/q01/seed02
183,cell_simple_coverage__q01__seed03,cell_simple_coverage,1,3,success,0,3897.07093334198,0,/mnt/imos-students/leko/projects/tb_experiments/scripts/structural_coverage/results/cora_np64_sweep/cell_simple_coverage/q01/seed03,/mnt/imos-students/leko/projects/tb_experiments/scripts/structural_coverage/results_for_plotting/cora_np64_sweep/cell_simple_coverage/q01/seed03
184,cell_simple_coverage__q01__seed04,cell_simple_coverage,1,4,success,0,3795.1568574905396,0,/mnt/imos-students/leko/projects/tb_experiments/scripts/structural_coverage/results/cora_np64_sweep/cell_simple_coverage/q01/seed04,/mnt/imos-students/leko/projects/tb_experiments/scripts/structural_coverage/results_for_plotting/cora_np64_sweep/cell_simple_coverage/q01/seed04
185,cell_simple_coverage__q01__seed05,cell_simple_coverage,1,5,success,0,3865.011577129364,0,/mnt/imos-students/leko/projects/tb_experiments/scripts/structural_coverage/results/cora_np64_sweep/cell_simple_coverage/q01/seed05,/mnt/imos-students/leko/projects/tb_experiments/scripts/structural_coverage/results_for_plotting/cora_np64_sweep/cell_simple_coverage/q01/seed05
186,cell_simple_coverage__q01__seed06,cell_simple_coverage,1,6,success,0,3765.732278108597,0,/mnt/imos-students/leko/projects/tb_experiments/scripts/structural_coverage/results/cora_np64_sweep/cell_simple_coverage/q01/seed06,/mnt/imos-students/leko/projects/tb_experiments/scripts/structural_coverage/results_for_plotting/cora_np64_sweep/cell_simple_coverage/q01/seed06
187,cell_simple_coverage__q01__seed07,cell_simple_coverage,1,7,success,0,3811.9074156284332,0,/mnt/imos-students/leko/projects/tb_experiments/scripts/structural_coverage/results/cora_np64_sweep/cell_simple_coverage/q01/seed07,/mnt/imos-students/leko/projects/tb_experiments/scripts/structural_coverage/results_for_plotting/cora_np64_sweep/cell_simple_coverage/q01/seed07
188,cell_simple_coverage__q01__seed08,cell_simple_coverage,1,8,success,0,3795.400187253952,0,/mnt/imos-students/leko/projects/tb_experiments/scripts/structural_coverage/results/cora_np64_sweep/cell_simple_coverage/q01/seed08,/mnt/imos-students/leko/projects/tb_experiments/scripts/structural_coverage/results_for_plotting/cora_np64_sweep/cell_simple_coverage/q01/seed08
189,cell_simple_coverage__q01__seed09,cell_simple_coverage,1,9,success,0,3752.2247607707977,0,/mnt/imos-students/leko/projects/tb_experiments/scripts/structural_coverage/results/cora_np64_sweep/cell_simple_coverage/q01/seed09,/mnt/imos-students/leko/projects/tb_experiments/scripts/structural_coverage/results_for_plotting/cora_np64_sweep/cell_simple_coverage/q01/seed09
190,cell_simple_coverage__q02__seed00,cell_simple_coverage,2,0,success,0,2023.988317489624,0,/mnt/imos-students/leko/projects/tb_experiments/scripts/structural_coverage/results/cora_np64_sweep/cell_simple_coverage/q02/seed00,/mnt/imos-students/leko/projects/tb_experiments/scripts/structural_coverage/results_for_plotting/cora_np64_sweep/cell_simple_coverage/q02/seed00
191,cell_simple_coverage__q02__seed01,cell_simple_coverage,2,1,success,0,2374.111077785492,0,/mnt/imos-students/leko/projects/tb_experiments/scripts/structural_coverage/results/cora_np64_sweep/cell_simple_coverage/q02/seed01,/mnt/imos-students/leko/projects/tb_experiments/scripts/structural_coverage/results_for_plotting/cora_np64_sweep/cell_simple_coverage/q02/seed01
192,cell_simple_coverage__q02__seed02,cell_simple_coverage,2,2,success,0,2403.886272907257,0,/mnt/imos-students/leko/projects/tb_experiments/scripts/structural_coverage/results/cora_np64_sweep/cell_simple_coverage/q02/seed02,/mnt/imos-students/leko/projects/tb_experiments/scripts/structural_coverage/results_for_plotting/cora_np64_sweep/cell_simple_coverage/q02/seed02
193,cell_simple_coverage__q02__seed03,cell_simple_coverage,2,3,success,0,2273.640410900116,0,/mnt/imos-students/leko/projects/tb_experiments/scripts/structural_coverage/results/cora_np64_sweep/cell_simple_coverage/q02/seed03,/mnt/imos-students/leko/projects/tb_experiments/scripts/structural_coverage/results_for_plotting/cora_np64_sweep/cell_simple_coverage/q02/seed03
194,cell_simple_coverage__q02__seed04,cell_simple_coverage,2,4,success,0,2452.8312454223633,0,/mnt/imos-students/leko/projects/tb_experiments/scripts/structural_coverage/results/cora_np64_sweep/cell_simple_coverage/q02/seed04,/mnt/imos-students/leko/projects/tb_experiments/scripts/structural_coverage/results_for_plotting/cora_np64_sweep/cell_simple_coverage/q02/seed04
195,cell_simple_coverage__q02__seed05,cell_simple_coverage,2,5,success,0,2443.1242382526398,0,/mnt/imos-students/leko/projects/tb_experiments/scripts/structural_coverage/results/cora_np64_sweep/cell_simple_coverage/q02/seed05,/mnt/imos-students/leko/projects/tb_experiments/scripts/structural_coverage/results_for_plotting/cora_np64_sweep/cell_simple_coverage/q02/seed05
196,cell_simple_coverage__q02__seed06,cell_simple_coverage,2,6,success,0,2409.163680076599,0,/mnt/imos-students/leko/projects/tb_experiments/scripts/structural_coverage/results/cora_np64_sweep/cell_simple_coverage/q02/seed06,/mnt/imos-students/leko/projects/tb_experiments/scripts/structural_coverage/results_for_plotting/cora_np64_sweep/cell_simple_coverage/q02/seed06
197,cell_simple_coverage__q02__seed07,cell_simple_coverage,2,7,success,0,2327.5655167102814,0,/mnt/imos-students/leko/projects/tb_experiments/scripts/structural_coverage/results/cora_np64_sweep/cell_simple_coverage/q02/seed07,/mnt/imos-students/leko/projects/tb_experiments/scripts/structural_coverage/results_for_plotting/cora_np64_sweep/cell_simple_coverage/q02/seed07
198,cell_simple_coverage__q02__seed08,cell_simple_coverage,2,8,success,0,2318.2286360263824,0,/mnt/imos-students/leko/projects/tb_experiments/scripts/structural_coverage/results/cora_np64_sweep/cell_simple_coverage/q02/seed08,/mnt/imos-students/leko/projects/tb_experiments/scripts/structural_coverage/results_for_plotting/cora_np64_sweep/cell_simple_coverage/q02/seed08
199,cell_simple_coverage__q02__seed09,cell_simple_coverage,2,9,success,0,2327.694006919861,0,/mnt/imos-students/leko/projects/tb_experiments/scripts/structural_coverage/results/cora_np64_sweep/cell_simple_coverage/q02/seed09,/mnt/imos-students/leko/projects/tb_experiments/scripts/structural_coverage/results_for_plotting/cora_np64_sweep/cell_simple_coverage/q02/seed09
200,cell_simple_coverage__q04__seed00,cell_simple_coverage,4,0,success,0,2281.574103116989,0,/mnt/imos-students/leko/projects/tb_experiments/scripts/structural_coverage/results/cora_np64_sweep/cell_simple_coverage/q04/seed00,/mnt/imos-students/leko/projects/tb_experiments/scripts/structural_coverage/results_for_plotting/cora_np64_sweep/cell_simple_coverage/q04/seed00
201,cell_simple_coverage__q04__seed01,cell_simple_coverage,4,1,success,0,2302.541740655899,0,/mnt/imos-students/leko/projects/tb_experiments/scripts/structural_coverage/results/cora_np64_sweep/cell_simple_coverage/q04/seed01,/mnt/imos-students/leko/projects/tb_experiments/scripts/structural_coverage/results_for_plotting/cora_np64_sweep/cell_simple_coverage/q04/seed01
202,cell_simple_coverage__q04__seed02,cell_simple_coverage,4,2,success,0,2167.325765609741,0,/mnt/imos-students/leko/projects/tb_experiments/scripts/structural_coverage/results/cora_np64_sweep/cell_simple_coverage/q04/seed02,/mnt/imos-students/leko/projects/tb_experiments/scripts/structural_coverage/results_for_plotting/cora_np64_sweep/cell_simple_coverage/q04/seed02
203,cell_simple_coverage__q04__seed03,cell_simple_coverage,4,3,success,0,2151.0207426548004,0,/mnt/imos-students/leko/projects/tb_experiments/scripts/structural_coverage/results/cora_np64_sweep/cell_simple_coverage/q04/seed03,/mnt/imos-students/leko/projects/tb_experiments/scripts/structural_coverage/results_for_plotting/cora_np64_sweep/cell_simple_coverage/q04/seed03
204,cell_simple_coverage__q04__seed04,cell_simple_coverage,4,4,success,0,2102.454498529434,0,/mnt/imos-students/leko/projects/tb_experiments/scripts/structural_coverage/results/cora_np64_sweep/cell_simple_coverage/q04/seed04,/mnt/imos-students/leko/projects/tb_experiments/scripts/structural_coverage/results_for_plotting/cora_np64_sweep/cell_simple_coverage/q04/seed04
205,cell_simple_coverage__q04__seed05,cell_simple_coverage,4,5,success,0,2168.7664561271667,0,/mnt/imos-students/leko/projects/tb_experiments/scripts/structural_coverage/results/cora_np64_sweep/cell_simple_coverage/q04/seed05,/mnt/imos-students/leko/projects/tb_experiments/scripts/structural_coverage/results_for_plotting/cora_np64_sweep/cell_simple_coverage/q04/seed05
206,cell_simple_coverage__q04__seed06,cell_simple_coverage,4,6,success,0,2233.372888803482,0,/mnt/imos-students/leko/projects/tb_experiments/scripts/structural_coverage/results/cora_np64_sweep/cell_simple_coverage/q04/seed06,/mnt/imos-students/leko/projects/tb_experiments/scripts/structural_coverage/results_for_plotting/cora_np64_sweep/cell_simple_coverage/q04/seed06
207,cell_simple_coverage__q04__seed07,cell_simple_coverage,4,7,success,0,2071.9276916980743,0,/mnt/imos-students/leko/projects/tb_experiments/scripts/structural_coverage/results/cora_np64_sweep/cell_simple_coverage/q04/seed07,/mnt/imos-students/leko/projects/tb_experiments/scripts/structural_coverage/results_for_plotting/cora_np64_sweep/cell_simple_coverage/q04/seed07
208,cell_simple_coverage__q04__seed08,cell_simple_coverage,4,8,success,0,2075.508688688278,0,/mnt/imos-students/leko/projects/tb_experiments/scripts/structural_coverage/results/cora_np64_sweep/cell_simple_coverage/q04/seed08,/mnt/imos-students/leko/projects/tb_experiments/scripts/structural_coverage/results_for_plotting/cora_np64_sweep/cell_simple_coverage/q04/seed08
209,cell_simple_coverage__q04__seed09,cell_simple_coverage,4,9,success,0,2092.5414209365845,0,/mnt/imos-students/leko/projects/tb_experiments/scripts/structural_coverage/results/cora_np64_sweep/cell_simple_coverage/q04/seed09,/mnt/imos-students/leko/projects/tb_experiments/scripts/structural_coverage/results_for_plotting/cora_np64_sweep/cell_simple_coverage/q04/seed09
210,cell_simple_coverage__q08__seed00,cell_simple_coverage,8,0,success,0,2229.008110523224,0,/mnt/imos-students/leko/projects/tb_experiments/scripts/structural_coverage/results/cora_np64_sweep/cell_simple_coverage/q08/seed00,/mnt/imos-students/leko/projects/tb_experiments/scripts/structural_coverage/results_for_plotting/cora_np64_sweep/cell_simple_coverage/q08/seed00
211,cell_simple_coverage__q08__seed01,cell_simple_coverage,8,1,success,0,2400.8984389305115,0,/mnt/imos-students/leko/projects/tb_experiments/scripts/structural_coverage/results/cora_np64_sweep/cell_simple_coverage/q08/seed01,/mnt/imos-students/leko/projects/tb_experiments/scripts/structural_coverage/results_for_plotting/cora_np64_sweep/cell_simple_coverage/q08/seed01
212,cell_simple_coverage__q08__seed02,cell_simple_coverage,8,2,success,0,2209.797997713089,0,/mnt/imos-students/leko/projects/tb_experiments/scripts/structural_coverage/results/cora_np64_sweep/cell_simple_coverage/q08/seed02,/mnt/imos-students/leko/projects/tb_experiments/scripts/structural_coverage/results_for_plotting/cora_np64_sweep/cell_simple_coverage/q08/seed02
213,cell_simple_coverage__q08__seed03,cell_simple_coverage,8,3,success,0,2176.384102344513,0,/mnt/imos-students/leko/projects/tb_experiments/scripts/structural_coverage/results/cora_np64_sweep/cell_simple_coverage/q08/seed03,/mnt/imos-students/leko/projects/tb_experiments/scripts/structural_coverage/results_for_plotting/cora_np64_sweep/cell_simple_coverage/q08/seed03
214,cell_simple_coverage__q08__seed04,cell_simple_coverage,8,4,success,0,2175.7053956985474,0,/mnt/imos-students/leko/projects/tb_experiments/scripts/structural_coverage/results/cora_np64_sweep/cell_simple_coverage/q08/seed04,/mnt/imos-students/leko/projects/tb_experiments/scripts/structural_coverage/results_for_plotting/cora_np64_sweep/cell_simple_coverage/q08/seed04
215,cell_simple_coverage__q08__seed05,cell_simple_coverage,8,5,success,0,2126.8377165794373,0,/mnt/imos-students/leko/projects/tb_experiments/scripts/structural_coverage/results/cora_np64_sweep/cell_simple_coverage/q08/seed05,/mnt/imos-students/leko/projects/tb_experiments/scripts/structural_coverage/results_for_plotting/cora_np64_sweep/cell_simple_coverage/q08/seed05
216,cell_simple_coverage__q08__seed06,cell_simple_coverage,8,6,success,0,2249.7503113746643,0,/mnt/imos-students/leko/projects/tb_experiments/scripts/structural_coverage/results/cora_np64_sweep/cell_simple_coverage/q08/seed06,/mnt/imos-students/leko/projects/tb_experiments/scripts/structural_coverage/results_for_plotting/cora_np64_sweep/cell_simple_coverage/q08/seed06
217,cell_simple_coverage__q08__seed07,cell_simple_coverage,8,7,success,0,2286.892502307892,0,/mnt/imos-students/leko/projects/tb_experiments/scripts/structural_coverage/results/cora_np64_sweep/cell_simple_coverage/q08/seed07,/mnt/imos-students/leko/projects/tb_experiments/scripts/structural_coverage/results_for_plotting/cora_np64_sweep/cell_simple_coverage/q08/seed07
218,cell_simple_coverage__q08__seed08,cell_simple_coverage,8,8,success,0,2306.057243824005,0,/mnt/imos-students/leko/projects/tb_experiments/scripts/structural_coverage/results/cora_np64_sweep/cell_simple_coverage/q08/seed08,/mnt/imos-students/leko/projects/tb_experiments/scripts/structural_coverage/results_for_plotting/cora_np64_sweep/cell_simple_coverage/q08/seed08
219,cell_simple_coverage__q08__seed09,cell_simple_coverage,8,9,success,0,2406.32438993454,0,/mnt/imos-students/leko/projects/tb_experiments/scripts/structural_coverage/results/cora_np64_sweep/cell_simple_coverage/q08/seed09,/mnt/imos-students/leko/projects/tb_experiments/scripts/structural_coverage/results_for_plotting/cora_np64_sweep/cell_simple_coverage/q08/seed09
220,cell_simple_coverage__q16__seed00,cell_simple_coverage,16,0,success,0,2880.732387304306,0,/mnt/imos-students/leko/projects/tb_experiments/scripts/structural_coverage/results/cora_np64_sweep/cell_simple_coverage/q16/seed00,/mnt/imos-students/leko/projects/tb_experiments/scripts/structural_coverage/results_for_plotting/cora_np64_sweep/cell_simple_coverage/q16/seed00
221,cell_simple_coverage__q16__seed01,cell_simple_coverage,16,1,success,0,2993.5204515457153,0,/mnt/imos-students/leko/projects/tb_experiments/scripts/structural_coverage/results/cora_np64_sweep/cell_simple_coverage/q16/seed01,/mnt/imos-students/leko/projects/tb_experiments/scripts/structural_coverage/results_for_plotting/cora_np64_sweep/cell_simple_coverage/q16/seed01
222,cell_simple_coverage__q16__seed02,cell_simple_coverage,16,2,success,0,3020.396274805069,0,/mnt/imos-students/leko/projects/tb_experiments/scripts/structural_coverage/results/cora_np64_sweep/cell_simple_coverage/q16/seed02,/mnt/imos-students/leko/projects/tb_experiments/scripts/structural_coverage/results_for_plotting/cora_np64_sweep/cell_simple_coverage/q16/seed02
223,cell_simple_coverage__q16__seed03,cell_simple_coverage,16,3,success,0,2871.093991994858,0,/mnt/imos-students/leko/projects/tb_experiments/scripts/structural_coverage/results/cora_np64_sweep/cell_simple_coverage/q16/seed03,/mnt/imos-students/leko/projects/tb_experiments/scripts/structural_coverage/results_for_plotting/cora_np64_sweep/cell_simple_coverage/q16/seed03
224,cell_simple_coverage__q16__seed04,cell_simple_coverage,16,4,success,0,2812.9612469673157,0,/mnt/imos-students/leko/projects/tb_experiments/scripts/structural_coverage/results/cora_np64_sweep/cell_simple_coverage/q16/seed04,/mnt/imos-students/leko/projects/tb_experiments/scripts/structural_coverage/results_for_plotting/cora_np64_sweep/cell_simple_coverage/q16/seed04
225,cell_simple_coverage__q16__seed05,cell_simple_coverage,16,5,success,0,2723.1237511634827,0,/mnt/imos-students/leko/projects/tb_experiments/scripts/structural_coverage/results/cora_np64_sweep/cell_simple_coverage/q16/seed05,/mnt/imos-students/leko/projects/tb_experiments/scripts/structural_coverage/results_for_plotting/cora_np64_sweep/cell_simple_coverage/q16/seed05
226,cell_simple_coverage__q16__seed06,cell_simple_coverage,16,6,success,0,3022.3246574401855,0,/mnt/imos-students/leko/projects/tb_experiments/scripts/structural_coverage/results/cora_np64_sweep/cell_simple_coverage/q16/seed06,/mnt/imos-students/leko/projects/tb_experiments/scripts/structural_coverage/results_for_plotting/cora_np64_sweep/cell_simple_coverage/q16/seed06
227,cell_simple_coverage__q16__seed07,cell_simple_coverage,16,7,success,0,2799.4524943828583,0,/mnt/imos-students/leko/projects/tb_experiments/scripts/structural_coverage/results/cora_np64_sweep/cell_simple_coverage/q16/seed07,/mnt/imos-students/leko/projects/tb_experiments/scripts/structural_coverage/results_for_plotting/cora_np64_sweep/cell_simple_coverage/q16/seed07
228,cell_simple_coverage__q16__seed08,cell_simple_coverage,16,8,success,0,2867.4842596054077,0,/mnt/imos-students/leko/projects/tb_experiments/scripts/structural_coverage/results/cora_np64_sweep/cell_simple_coverage/q16/seed08,/mnt/imos-students/leko/projects/tb_experiments/scripts/structural_coverage/results_for_plotting/cora_np64_sweep/cell_simple_coverage/q16/seed08
229,cell_simple_coverage__q16__seed09,cell_simple_coverage,16,9,success,0,2871.0827000141144,0,/mnt/imos-students/leko/projects/tb_experiments/scripts/structural_coverage/results/cora_np64_sweep/cell_simple_coverage/q16/seed09,/mnt/imos-students/leko/projects/tb_experiments/scripts/structural_coverage/results_for_plotting/cora_np64_sweep/cell_simple_coverage/q16/seed09
230,cell_simple_coverage__q32__seed00,cell_simple_coverage,32,0,success,0,6169.246995449066,0,/mnt/imos-students/leko/projects/tb_experiments/scripts/structural_coverage/results/cora_np64_sweep/cell_simple_coverage/q32/seed00,/mnt/imos-students/leko/projects/tb_experiments/scripts/structural_coverage/results_for_plotting/cora_np64_sweep/cell_simple_coverage/q32/seed00
231,cell_simple_coverage__q32__seed01,cell_simple_coverage,32,1,success,0,5736.514576911926,0,/mnt/imos-students/leko/projects/tb_experiments/scripts/structural_coverage/results/cora_np64_sweep/cell_simple_coverage/q32/seed01,/mnt/imos-students/leko/projects/tb_experiments/scripts/structural_coverage/results_for_plotting/cora_np64_sweep/cell_simple_coverage/q32/seed01
232,cell_simple_coverage__q32__seed02,cell_simple_coverage,32,2,success,0,5882.694586753845,0,/mnt/imos-students/leko/projects/tb_experiments/scripts/structural_coverage/results/cora_np64_sweep/cell_simple_coverage/q32/seed02,/mnt/imos-students/leko/projects/tb_experiments/scripts/structural_coverage/results_for_plotting/cora_np64_sweep/cell_simple_coverage/q32/seed02
233,cell_simple_coverage__q32__seed03,cell_simple_coverage,32,3,success,0,6164.955018520355,0,/mnt/imos-students/leko/projects/tb_experiments/scripts/structural_coverage/results/cora_np64_sweep/cell_simple_coverage/q32/seed03,/mnt/imos-students/leko/projects/tb_experiments/scripts/structural_coverage/results_for_plotting/cora_np64_sweep/cell_simple_coverage/q32/seed03
234,cell_simple_coverage__q32__seed04,cell_simple_coverage,32,4,success,0,6033.928057193756,0,/mnt/imos-students/leko/projects/tb_experiments/scripts/structural_coverage/results/cora_np64_sweep/cell_simple_coverage/q32/seed04,/mnt/imos-students/leko/projects/tb_experiments/scripts/structural_coverage/results_for_plotting/cora_np64_sweep/cell_simple_coverage/q32/seed04
235,cell_simple_coverage__q32__seed05,cell_simple_coverage,32,5,success,0,5853.260738134384,0,/mnt/imos-students/leko/projects/tb_experiments/scripts/structural_coverage/results/cora_np64_sweep/cell_simple_coverage/q32/seed05,/mnt/imos-students/leko/projects/tb_experiments/scripts/structural_coverage/results_for_plotting/cora_np64_sweep/cell_simple_coverage/q32/seed05
236,cell_simple_coverage__q32__seed06,cell_simple_coverage,32,6,success,0,6124.727908372879,0,/mnt/imos-students/leko/projects/tb_experiments/scripts/structural_coverage/results/cora_np64_sweep/cell_simple_coverage/q32/seed06,/mnt/imos-students/leko/projects/tb_experiments/scripts/structural_coverage/results_for_plotting/cora_np64_sweep/cell_simple_coverage/q32/seed06
237,cell_simple_coverage__q32__seed07,cell_simple_coverage,32,7,success,0,5920.3690531253815,0,/mnt/imos-students/leko/projects/tb_experiments/scripts/structural_coverage/results/cora_np64_sweep/cell_simple_coverage/q32/seed07,/mnt/imos-students/leko/projects/tb_experiments/scripts/structural_coverage/results_for_plotting/cora_np64_sweep/cell_simple_coverage/q32/seed07
238,cell_simple_coverage__q32__seed08,cell_simple_coverage,32,8,success,0,5753.783811807632,0,/mnt/imos-students/leko/projects/tb_experiments/scripts/structural_coverage/results/cora_np64_sweep/cell_simple_coverage/q32/seed08,/mnt/imos-students/leko/projects/tb_experiments/scripts/structural_coverage/results_for_plotting/cora_np64_sweep/cell_simple_coverage/q32/seed08
239,cell_simple_coverage__q32__seed09,cell_simple_coverage,32,9,success,0,5896.530070543289,0,/mnt/imos-students/leko/projects/tb_experiments/scripts/structural_coverage/results/cora_np64_sweep/cell_simple_coverage/q32/seed09,/mnt/imos-students/leko/projects/tb_experiments/scripts/structural_coverage/results_for_plotting/cora_np64_sweep/cell_simple_coverage/q32/seed09
