epoch,expected_coverage_all,observable_ceiling_all,entropy_bits_all,entropy_nats_all,normalized_entropy_bits_all,normalized_entropy_nats_all,expected_coverage_rank0,observable_ceiling_rank0,entropy_bits_rank0,entropy_nats_rank0,normalized_entropy_bits_rank0,normalized_entropy_nats_rank0,expected_coverage_rank1,observable_ceiling_rank1,entropy_bits_rank1,entropy_nats_rank1,normalized_entropy_bits_rank1,normalized_entropy_nats_rank1,expected_coverage_rank2,observable_ceiling_rank2,entropy_bits_rank2,entropy_nats_rank2,normalized_entropy_bits_rank2,normalized_entropy_nats_rank2,expected_coverage_rank1_2,observable_ceiling_rank1_2,entropy_bits_rank1_2,entropy_nats_rank1_2,normalized_entropy_bits_rank1_2,normalized_entropy_nats_rank1_2
0,0.0,0.9156285390713477,0.0,0.0,0.0,0.0,0.0,1.0,0.0,0.0,0.0,0.0,0.0,0.8274131274131274,0.0,0.0,0.0,0.0,0.0,0.0,0.0,0.0,0.0,0.0,0.0,0.8274131274131274,0.0,0.0,0.0,0.0
1,0.7803993121094067,0.9156285390713477,85.60891659965404,59.33957917184169,0.017647684312441566,0.012232442624580847,1.0,1.0,0.0,0.0,0.0,0.0,0.5507936507936497,0.8274131274131274,85.60891659965404,59.33957917184169,0.03994816453553618,0.0276899576163517,0.0,0.0,0.0,0.0,0.0,0.0,0.5507936507936497,0.8274131274131274,85.60891659965404,59.33957917184169,0.03994816453553618,0.0276899576163517
2,0.7825458077754565,0.9156285390713477,146.93233040943443,101.84573055640179,0.03028908068633981,0.020994790879489134,1.0,1.0,0.0,0.0,0.0,0.0,0.5551844361368211,0.8274131274131274,146.93233040943443,101.84573055640179,0.0685638499344071,0.047524839270369476,0.0,0.0,0.0,0.0,0.0,0.0,0.5551844361368211,0.8274131274131274,146.93233040943443,101.84573055640179,0.0685638499344071,0.047524839270369476
3,0.7846582320817367,0.9156285390713477,198.69807189573297,137.7270083172246,0.04096022920959245,0.02839146739171812,1.0,1.0,0.0,0.0,0.0,0.0,0.5595055264745336,0.8274131274131274,198.69807189573297,137.7270083172246,0.09271958557897012,0.0642683193267497,0.0,0.0,0.0,0.0,0.0,0.0,0.5595055264745336,0.8274131274131274,198.69807189573297,137.7270083172246,0.09271958557897012,0.0642683193267497
4,0.7867371258434732,0.9156285390713477,244.11220348868977,169.20568558846097,0.05032203741263446,0.03488057835259966,1.0,1.0,0.0,0.0,0.0,0.0,0.5637580280767291,0.8274131274131274,244.11220348868977,169.20568558846097,0.11391143419910862,0.07895738944865187,0.0,0.0,0.0,0.0,0.0,0.0,0.5637580280767291,0.8274131274131274,244.11220348868977,169.20568558846097,0.11391143419910862,0.07895738944865187
5,0.7887830212915384,0.9156285390713477,284.72652654689966,197.35738910660993,0.05869439838113784,0.04068385675254791,1.0,1.0,0.0,0.0,0.0,0.0,0.5679430296535003,0.8274131274131274,284.72652654689966,197.35738910660993,0.1328635214871207,0.09209397531806343,0.0,0.0,0.0,0.0,0.0,0.0,0.5679430296535003,0.8274131274131274,284.72652654689966,197.35738910660993,0.1328635214871207,0.09209397531806343
6,0.790796442208686,0.9156285390713477,321.4718545734415,222.8273096269577,0.06626919286197515,0.04593430419026133,1.0,1.0,0.0,0.0,0.0,0.0,0.5720616026338261,0.8274131274131274,321.4718545734415,222.8273096269577,0.15001019812106461,0.10397914588285474,0.0,0.0,0.0,0.0,0.0,0.0,0.5720616026338261,0.8274131274131274,321.4718545734415,222.8273096269577,0.15001019812106461,0.10397914588285474
7,0.7927779040636479,0.9156285390713477,354.9742532305668,246.0494027981394,0.07317547994858108,0.05072137761247977,1.0,1.0,0.0,0.0,0.0,0.0,0.5761148014398306,0.8274131274131274,354.9742532305668,246.0494027981394,0.16564360860035782,0.1148154002791131,0.0,0.0,0.0,0.0,0.0,0.0,0.5761148014398306,0.8274131274131274,354.9742532305668,246.0494027981394,0.16564360860035782,0.1148154002791131
8,0.794727914143135,0.9156285390713477,385.68644818452765,267.3374741392848,0.07950658589662496,0.0551097658501927,1.0,1.0,0.0,0.0,0.0,0.0,0.5801036637568664,0.8274131274131274,385.68644818452765,267.3374741392848,0.179975010818725,0.12474917132024488,0.0,0.0,0.0,0.0,0.0,0.0,0.5801036637568664,0.8274131274131274,385.68644818452765,267.3374741392848,0.179975010818725,0.12474917132024488
9,0.7966469716816885,0.9156285390713477,413.95267058829785,286.9301265035384,0.08533347157045926,0.05914865522645608,1.0,1.0,0.0,0.0,0.0,0.0,0.5840292107990346,0.8274131274131274,413.95267058829785,286.9301265035384,0.1931650352721875,0.13389179958167916,0.0,0.0,0.0,0.0,0.0,0.0,0.5840292107990346,0.8274131274131274,413.95267058829785,286.9301265035384,0.1931650352721875,0.13389179958167916
10,0.7985355679894561,0.9156285390713477,440.0444906458932,305.01559801213807,0.09071211928383698,0.06287684972420904,1.0,1.0,0.0,0.0,0.0,0.0,0.5878924475706835,0.8274131274131274,440.0444906458932,305.01559801213807,0.20534040627433187,0.14233112366408682,0.0,0.0,0.0,0.0,0.0,0.0,0.5878924475706835,0.8274131274131274,440.0444906458932,305.01559801213807,0.20534040627433187,0.14233112366408682
11,0.800394186578039,0.9156285390713477,464.1822904052608,321.74664586026427,0.09568795926721517,0.06632583917960508,1.0,1.0,0.0,0.0,0.0,0.0,0.5916943631237361,0.8274131274131274,464.1822904052608,321.74664586026427,0.21660396192499337,0.1501384255064229,0.0,0.0,0.0,0.0,0.0,0.0,0.5916943631237361,0.8274131274131274,464.1822904052608,321.74664586026427,0.21660396192499337,0.1501384255064229
12,0.8022233032842996,0.9156285390713477,486.54894310129686,337.2500281150852,0.10029868956942833,0.06952175388890644,1.0,1.0,0.0,0.0,0.0,0.0,0.5954359308108744,0.8274131274131274,486.54894310129686,337.2500281150852,0.22704103737811332,0.1573728549300444,0.0,0.0,0.0,0.0,0.0,0.0,0.5954359308108744,0.8274131274131274,486.54894310129686,337.2500281150852,0.22704103737811332,0.1573728549300444
13,0.8040233863920132,0.9156285390713477,507.29895618424797,351.6328411801147,0.1045761608295708,0.07248667103280039,1.0,1.0,0.0,0.0,0.0,0.0,0.5991181085347294,0.8274131274131274,507.29895618424797,351.6328411801147,0.23672373130389546,0.16408438692492522,0.0,0.0,0.0,0.0,0.0,0.0,0.5991181085347294,0.8274131274131274,507.29895618424797,351.6328411801147,0.23672373130389546,0.16408438692492522
14,0.8057948967520078,0.9156285390713477,526.564823725677,364.9869229474976,0.10854768578142177,0.07523952235569936,1.0,1.0,0.0,0.0,0.0,0.0,0.6027418389931037,0.8274131274131274,526.564823725677,364.9869229474976,0.2457138701473061,0.17031587631707773,0.0,0.0,0.0,0.0,0.0,0.0,0.6027418389931037,0.8274131274131274,526.564823725677,364.9869229474976,0.2457138701473061,0.17031587631707773
15,0.8075382878999319,0.9156285390713477,544.4615832807561,377.39201137426,0.11223697861899735,0.07779674528432488,1.0,1.0,0.0,0.0,0.0,0.0,0.6063080499204136,0.8274131274131274,544.4615832807561,377.39201137426,0.2540651345220514,0.17610453167254317,0.0,0.0,0.0,0.0,0.0,0.0,0.6063080499204136,0.8274131274131274,544.4615832807561,377.39201137426,0.2540651345220514,0.17610453167254317
16,0.8092540061724951,0.9156285390713477,561.0901736539704,388.91807190813967,0.11566484717665851,0.08017276271039779,1.0,1.0,0.0,0.0,0.0,0.0,0.6098176543250624,0.8274131274131274,561.0901736539704,388.91807190813967,0.26182462606344864,0.18148300135704137,0.0,0.0,0.0,0.0,0.0,0.0,0.6098176543250624,0.8274131274131274,561.0901736539704,388.91807190813967,0.26182462606344864,0.18148300135704137
17,0.8109424908216837,0.9156285390713477,576.5399663536324,399.627052158146,0.11884971477089928,0.08238034470380251,1.0,1.0,0.0,0.0,0.0,0.0,0.6132715507232702,0.8274131274131274,576.5399663536324,399.627052158146,0.26903404869511544,0.1864801923276463,0.0,0.0,0.0,0.0,0.0,0.0,0.6132715507232702,0.8274131274131274,576.5399663536324,399.627052158146,0.26903404869511544,0.1864801923276463
18,0.8126041741272432,0.9156285390713477,590.89071213038,409.5742311322312,0.12180802146575552,0.08443088664857373,1.0,1.0,0.0,0.0,0.0,0.0,0.61667062336914,0.8274131274131274,590.89071213038,409.5742311322312,0.2757306169530472,0.1911218997350589,0.0,0.0,0.0,0.0,0.0,0.0,0.61667062336914,0.8274131274131274,590.89071213038,409.5742311322312,0.2757306169530472,0.1911218997350589
19,0.814239481507291,0.9156285390713477,604.2140637398097,418.8092747359162,0.12455453797975875,0.0863346268266164,1.0,1.0,0.0,0.0,0.0,0.0,0.6200157424809631,0.8274131274131274,604.2140637398097,418.8092747359162,0.28194776656080717,0.1954312994567971,0.0,0.0,0.0,0.0,0.0,0.0,0.6200157424809631,0.8274131274131274,604.2140637398097,418.8092747359162,0.28194776656080717,0.1954312994567971
20,0.8158488316273601,0.9156285390713477,616.5747853723425,427.3770740851926,0.1271026150015136,0.08810081923009536,1.0,1.0,0.0,0.0,0.0,0.0,0.6233077644640004,0.8274131274131274,616.5747853723425,427.3770740851926,0.287715718792507,0.1994293392838043,0.0,0.0,0.0,0.0,0.0,0.0,0.6233077644640004,0.8274131274131274,616.5747853723425,427.3770740851926,0.287715718792507,0.1994293392838043
21,0.8174326365074263,0.9156285390713477,628.0317262185927,435.318420330613,0.1294643838834452,0.08973787267174047,1.0,1.0,0.0,0.0,0.0,0.0,0.6265475321298579,0.8274131274131274,628.0317262185927,435.318420330613,0.29306193477302506,0.2031350538173649,0.0,0.0,0.0,0.0,0.0,0.0,0.6265475321298579,0.8274131274131274,628.0317262185927,435.318420330613,0.29306193477302506,0.2031350538173649
22,0.8189913016274883,0.9156285390713477,638.6386136329548,442.67055443639487,0.1316509201469707,0.09125346411799523,1.0,1.0,0.0,0.0,0.0,0.0,0.6297358749121489,0.8274131274131274,638.6386136329548,442.67055443639487,0.29801148559633917,0.20656582101558324,0.0,0.0,0.0,0.0,0.0,0.0,0.6297358749121489,0.8274131274131274,638.6386136329548,442.67055443639487,0.29801148559633917,0.20656582101558324
23,0.8205252260313624,0.9156285390713477,648.4447063330266,449.4676199437591,0.1336723781350292,0.09265463202303836,1.0,1.0,0.0,0.0,0.0,0.0,0.6328736090788311,0.8274131274131274,648.4447063330266,449.4676199437591,0.3025873571316036,0.2097375734688563,0.0,0.0,0.0,0.0,0.0,0.0,0.6328736090788311,0.8274131274131274,648.4447063330266,449.4676199437591,0.3025873571316036,0.2097375734688563
24,0.8220348024288305,0.9156285390713477,657.4953376043834,455.7410394917877,0.13553810298997804,0.09394785394594676,1.0,1.0,0.0,0.0,0.0,0.0,0.6359615379412854,0.8274131274131274,657.4953376043834,455.7410394917877,0.3068107035018121,0.21266497409789442,0.0,0.0,0.0,0.0,0.0,0.0,0.6359615379412854,0.8274131274131274,657.4953376043834,455.7410394917877,0.3068107035018121,0.21266497409789442
25,0.8235204172961634,0.9156285390713477,665.8323710514924,461.51983071988525,0.13725672460348223,0.09513911167179659,1.0,1.0,0.0,0.0,0.0,0.0,0.6390004520598805,0.8274131274131274,665.8323710514924,461.51983071988525,0.3107010597533795,0.2153615635650421,0.0,0.0,0.0,0.0,0.0,0.0,0.6390004520598805,0.8274131274131274,665.8323710514924,461.51983071988525,0.3107010597533795,0.2153615635650421
26,0.8249824509751201,0.9156285390713477,673.494586076659,466.83087346142355,0.1388362370803255,0.09623394629177974,1.0,1.0,0.0,0.0,0.0,0.0,0.641991129446438,0.8274131274131274,673.494586076659,466.83087346142355,0.31427652173432524,0.2178398849563339,0.0,0.0,0.0,0.0,0.0,0.0,0.641991129446438,0.8274131274131274,673.494586076659,466.83087346142355,0.31427652173432524,0.2178398849563339
27,0.8264212777703274,0.9156285390713477,680.5180063445194,471.6991374179786,0.14028406644908667,0.09723750513666844,1.0,1.0,0.0,0.0,0.0,0.0,0.6449343357633617,0.8274131274131274,680.5180063445194,471.6991374179786,0.31755389936748457,0.2201115900223885,0.0,0.0,0.0,0.0,0.0,0.0,0.6449343357633617,0.8274131274131274,680.5180063445194,471.6991374179786,0.31755389936748457,0.2201115900223885
28,0.8278372660449345,0.9156285390713477,686.9361815760066,476.1478774840236,0.14160712875201126,0.09815458204164576,1.0,1.0,0.0,0.0,0.0,0.0,0.6478308245197072,0.8274131274131274,686.9361815760066,476.1478774840236,0.32054884814559337,0.22218753032385608,0.0,0.0,0.0,0.0,0.0,0.0,0.6478308245197072,0.8274131274131274,686.9361815760066,476.1478774840236,0.32054884814559337,0.22218753032385608
29,0.829230778315202,0.9156285390713477,692.7804308256985,480.19880237393716,0.1428118801949492,0.09898965210759372,1.0,1.0,0.0,0.0,0.0,0.0,0.6506813372640584,0.8274131274131274,692.7804308256985,480.19880237393716,0.3232759826531491,0.22407783591877609,0.0,0.0,0.0,0.0,0.0,0.0,0.6506813372640584,0.8274131274131274,692.7804308256985,480.19880237393716,0.3232759826531491,0.22407783591877609
30,0.8306021713430717,0.9156285390713477,698.08005373086,483.8722210486807,0.14390436069487939,0.09974690188593706,1.0,1.0,0.0,0.0,0.0,0.0,0.6534866037743599,0.8274131274131274,698.08005373086,483.8722210486807,0.3257489751427251,0.22579198369047163,0.0,0.0,0.0,0.0,0.0,0.0,0.6534866037743599,0.8274131274131274,698.08005373086,483.8722210486807,0.3257489751427251,0.22579198369047163
31,0.8319517962276317,0.9156285390713477,702.8625149407906,487.1871705524814,0.1448902318987406,0.10043025573128868,1.0,1.0,0.0,0.0,0.0,0.0,0.6562473422448173,0.8274131274131274,702.8625149407906,487.1871705524814,0.3279806415962625,0.22733885700069129,0.0,0.0,0.0,0.0,0.0,0.0,0.6562473422448173,0.8274131274131274,702.8625149407906,487.1871705524814,0.3279806415962625,0.22733885700069129
32,0.8332799984950144,0.9156285390713477,707.1536059407789,490.1615281806495,0.14577481054231683,0.1010433989240671,1.0,1.0,0.0,0.0,0.0,0.0,0.6589642594697003,0.8274131274131274,707.1536059407789,490.1615281806495,0.329983017237881,0.22872679803110102,0.0,0.0,0.0,0.0,0.0,0.0,0.6589642594697003,0.8274131274131274,707.1536059407789,490.1615281806495,0.329983017237881,0.22872679803110102
33,0.8345871181866907,0.9156285390713477,710.9775877078157,492.81211036098364,0.14656309785772328,0.10158979805421225,1.0,1.0,0.0,0.0,0.0,0.0,0.6616380510243511,0.8274131274131274,710.9775877078157,492.81211036098364,0.33176742310210716,0.22996365392486404,0.0,0.0,0.0,0.0,0.0,0.0,0.6616380510243511,0.8274131274131274,710.9775877078157,492.81211036098364,0.33176742310210716,0.22996365392486404
34,0.8358734899467757,0.9156285390713477,714.3573170194435,495.1547602043943,0.14725980561109947,0.1020727190691392,1.0,1.0,0.0,0.0,0.0,0.0,0.6642694014432265,0.8274131274131274,714.3573170194435,495.1547602043943,0.33334452497407535,0.2310568176408746,0.0,0.0,0.0,0.0,0.0,0.0,0.6642694014432265,0.8274131274131274,714.3573170194435,495.1547602043943,0.33334452497407535,0.2310568176408746
35,0.8371394431074756,0.9156285390713477,717.3143587481554,497.20442534144905,0.14786937925132043,0.10249524331920203,1.0,1.0,0.0,0.0,0.0,0.0,0.6668589843951298,0.8274131274131274,717.3143587481554,497.20442534144905,0.3347243857900865,0.2320132642750579,0.0,0.0,0.0,0.0,0.0,0.0,0.6668589843951298,0.8274131274131274,717.3143587481554,497.20442534144905,0.3347243857900865,0.2320132642750579
36,0.8383853017735576,0.9156285390713477,719.8690860810595,498.975227389351,0.14839601856958556,0.10286028187782952,1.0,1.0,0.0,0.0,0.0,0.0,0.6694074628557423,0.8274131274131274,719.8690860810595,498.975227389351,0.33591651240366754,0.23283958347613207,0.0,0.0,0.0,0.0,0.0,0.0,0.6694074628557423,0.8274131274131274,719.8690860810595,498.975227389351,0.33591651240366754,0.23283958347613207
37,0.8396113849052816,0.9156285390713477,722.0407702866107,500.4805241734953,0.14884369620420754,0.10317058836806747,1.0,1.0,0.0,0.0,0.0,0.0,0.6719154892772767,0.8274131274131274,722.0407702866107,500.4805241734953,0.3369298974739201,0.23354200848039913,0.0,0.0,0.0,0.0,0.0,0.0,0.6719154892772767,0.8274131274131274,722.0407702866107,500.4805241734953,0.3369298974739201,0.23354200848039913
38,0.8408180063999838,0.9156285390713477,723.8476613934114,501.73296564975306,0.1492161742719875,0.10342877049056959,1.0,1.0,0.0,0.0,0.0,0.0,0.6743837057556197,0.8274131274131274,723.8476613934114,501.73296564975306,0.3377730571131178,0.23412644220707096,0.0,0.0,0.0,0.0,0.0,0.0,0.6743837057556197,0.8274131274131274,723.8476613934114,501.73296564975306,0.3377730571131178,0.23412644220707096
39,0.8420054751725496,0.9156285390713477,725.3070609339063,502.7445443265576,0.1495170193638232,0.1036373004177608,1.0,1.0,0.0,0.0,0.0,0.0,0.6768127441946352,0.8274131274131274,725.3070609339063,502.7445443265576,0.33845406483150087,0.23459848078700776,0.0,0.0,0.0,0.0,0.0,0.0,0.6768127441946352,0.8274131274131274,725.3070609339063,502.7445443265576,0.33845406483150087,0.23459848078700776
40,0.8431740952344181,0.9156285390713477,726.4353877327019,503.526640865893,0.14974961610651452,0.10379852419416472,1.0,1.0,0.0,0.0,0.0,0.0,0.6792032264679345,0.8274131274131274,726.4353877327019,503.526640865893,0.3389805822364451,0.2349634348417606,0.0,0.0,0.0,0.0,0.0,0.0,0.6792032264679345,0.8274131274131274,726.4353877327019,503.526640865893,0.3389805822364451,0.2349634348417606
41,0.8443241657715205,0.9156285390713477,727.2482375757273,504.09006544280464,0.14991717946314725,0.10391467026237985,1.0,1.0,0.0,0.0,0.0,0.0,0.6815557645781786,0.8274131274131274,727.2482375757273,504.09006544280464,0.3393598868762143,0.23522634878338994,0.0,0.0,0.0,0.0,0.0,0.0,0.6815557645781786,0.8274131274131274,727.2482375757273,504.09006544280464,0.3393598868762143,0.23522634878338994
42,0.8454559812207113,0.9156285390713477,727.7604374761527,504.44509535966756,0.15002276591963568,0.10398785721700012,1.0,1.0,0.0,0.0,0.0,0.0,0.6838709608136523,0.8274131274131274,727.7604374761527,504.44509535966756,0.3395988975623671,0.2353920183666204,0.0,0.0,0.0,0.0,0.0,0.0,0.6838709608136523,0.8274131274131274,727.7604374761527,504.44509535966756,0.3395988975623671,0.2353920183666204
43,0.8465698313453425,0.9156285390713477,727.9860951542082,504.6015093429835,0.15006928368464403,0.10402010087466161,1.0,1.0,0.0,0.0,0.0,0.0,0.6861494079025554,0.8274131274131274,727.9860951542082,504.6015093429835,0.33970419745879993,0.2354650066929461,0.0,0.0,0.0,0.0,0.0,0.0,0.6861494079025554,0.8274131274131274,727.9860951542082,504.6015093429835,0.33970419745879993,0.2354650066929461
44,0.8476660013092528,0.9156285390713477,727.9386442628075,504.56861889139407,0.15005950201253504,0.1040133207362181,1.0,1.0,0.0,0.0,0.0,0.0,0.6883916891646299,0.8274131274131274,727.9386442628075,504.56861889139407,0.33968205518563116,0.23544965883872798,0.0,0.0,0.0,0.0,0.0,0.0,0.6883916891646299,0.8274131274131274,727.9386442628075,504.56861889139407,0.33968205518563116,0.23544965883872798
45,0.8487447717499017,0.9156285390713477,727.6308858215383,504.35529699553473,0.1499960597446997,0.10396934590713972,1.0,1.0,0.0,0.0,0.0,0.0,0.6905983786606336,0.8274131274131274,727.6308858215383,504.35529699553473,0.33953844415377427,0.23535011525689908,0.0,0.0,0.0,0.0,0.0,0.0,0.6905983786606336,0.8274131274131274,727.6308858215383,504.35529699553473,0.33953844415377427,0.23535011525689908
46,0.8498064188502438,0.9156285390713477,727.0750262603686,503.9700045079227,0.14988147315200342,0.10388992053348231,1.0,1.0,0.0,0.0,0.0,0.0,0.6927700413392269,0.8274131274131274,727.0750262603686,503.9700045079227,0.3392790603174842,0.2351703240820918,0.0,0.0,0.0,0.0,0.0,0.0,0.6927700413392269,0.8274131274131274,727.0750262603686,503.9700045079227,0.3392790603174842,0.2351703240820918
47,0.8508512144093046,0.9156285390713477,726.2827124244473,503.42081440643517,0.14971814315078277,0.10377670880363536,1.0,1.0,0.0,0.0,0.0,0.0,0.6949072331816823,0.8274131274131274,726.2827124244473,503.42081440643517,0.3389093385088415,0.23491405245283956,0.0,0.0,0.0,0.0,0.0,0.0,0.6949072331816823,0.8274131274131274,726.2827124244473,503.42081440643517,0.3389093385088415,0.23491405245283956
48,0.8518794259118876,0.9156285390713477,725.2650638470595,502.71543416421804,0.1495083619556915,0.10363129955972336,1.0,1.0,0.0,0.0,0.0,0.0,0.6970105013440848,0.8274131274131274,725.2650638470595,502.71543416421804,0.3384344674974613,0.23458489695017173,0.0,0.0,0.0,0.0,0.0,0.0,0.6970105013440848,0.8274131274131274,725.2650638470595,502.71543416421804,0.3384344674974613,0.23458489695017173
49,0.8528913165969423,0.9156285390713477,724.0327025610923,501.8612264134186,0.14925431922512725,0.10345521055729098,1.0,1.0,0.0,0.0,0.0,0.0,0.699080384297564,0.8274131274131274,724.0327025610923,501.8612264134186,0.337859403901583,0.234186293240046,0.0,0.0,0.0,0.0,0.0,0.0,0.699080384297564,0.8274131274131274,724.0327025610923,501.8612264134186,0.337859403901583,0.234186293240046
50,0.853887145525114,0.9156285390713477,722.5957806871305,500.8652280677971,0.1489581077483262,0.10324989240729686,1.0,1.0,0.0,0.0,0.0,0.0,0.701117411966066,0.8274131274131274,722.5957806871305,500.8652280677971,0.3371888850616568,0.23372152499663887,0.0,0.0,0.0,0.0,0.0,0.0,0.701117411966066,0.8274131274131274,722.5957806871305,500.8652280677971,0.3371888850616568,0.23372152499663887
51,0.8548671676449102,0.9156285390713477,720.9640060080293,499.73416804966894,0.1486217287173839,0.1030167322303997,1.0,1.0,0.0,0.0,0.0,0.0,0.703122105862038,0.8274131274131274,720.9640060080293,499.73416804966894,0.33642744097434873,0.2331937321743672,0.0,0.0,0.0,0.0,0.0,0.0,0.703122105862038,0.8274131274131274,720.9640060080293,499.73416804966894,0.33642744097434873,0.2331937321743672
52,0.8558316338580209,0.9156285390713477,719.1466657174245,498.47448375111827,0.14824709662284571,0.10275705705032329,1.0,1.0,0.0,0.0,0.0,0.0,0.7050949792200106,0.8274131274131274,719.1466657174245,498.47448375111827,0.3355794053744398,0.2326059186892759,0.0,0.0,0.0,0.0,0.0,0.0,0.7050949792200106,0.8274131274131274,719.1466657174245,498.47448375111827,0.3355794053744398,0.2326059186892759
53,0.8567807910836399,0.9156285390713477,717.1526485065758,497.0923363434305,0.1478360438067565,0.10247213694978984,1.0,1.0,0.0,0.0,0.0,0.0,0.707036537127824,0.8274131274131274,717.1526485065758,497.0923363434305,0.3346489260413326,0.23196095956296336,0.0,0.0,0.0,0.0,0.0,0.0,0.707036537127824,0.8274131274131274,717.1526485065758,497.0923363434305,0.3346489260413326,0.23196095956296336
54,0.8577148823215333,0.9156285390713477,714.9904651382125,495.59362503779585,0.14739032470381622,0.10216318801026507,1.0,1.0,0.0,0.0,0.0,0.0,0.7089472766561572,0.8274131274131274,714.9904651382125,495.59362503779585,0.3336399743995392,0.23126160757713293,0.0,0.0,0.0,0.0,0.0,0.0,0.7089472766561572,0.8274131274131274,714.9904651382125,495.59362503779585,0.3336399743995392,0.23126160757713293
55,0.8586341467143797,0.9156285390713477,712.6682676383806,493.984000388084,0.14691161979764597,0.10183137505423294,1.0,1.0,0.0,0.0,0.0,0.0,0.7108276869856427,0.8274131274131274,712.6682676383806,493.984000388084,0.33255635447427934,0.23051049948114044,0.0,0.0,0.0,0.0,0.0,0.0,0.7108276869856427,0.8274131274131274,712.6682676383806,493.984000388084,0.33255635447427934,0.23051049948114044
56,0.859538819608933,0.9156285390713477,710.193867224441,492.2688767175854,0.1464015393165205,0.10147781420688216,1.0,1.0,0.0,0.0,0.0,0.0,0.7126782495321169,0.8274131274131274,710.193867224441,492.2688767175854,0.331401711257322,0.2297101617907538,0.0,0.0,0.0,0.0,0.0,0.0,0.7126782495321169,0.8274131274131274,710.193867224441,492.2688767175854,0.331401711257322,0.2297101617907538
57,0.8604291326162798,0.9156285390713477,707.57475107501,490.4534437430483,0.14586162669037517,0.10110357529232082,1.0,1.0,0.0,0.0,0.0,0.0,0.7144994380699138,0.8274131274131274,707.57475107501,490.4534437430483,0.3301795385324358,0.2288630162123417,0.0,0.0,0.0,0.0,0.0,0.0,0.7144994380699138,0.8274131274131274,707.57475107501,490.4534437430483,0.3301795385324358,0.2288630162123417
58,0.8613053136711121,0.9156285390713477,704.8180980366698,488.54267746174077,0.14529336178863528,0.10070968407786864,1.0,1.0,0.0,0.0,0.0,0.0,0.7162917188531193,0.8274131274131274,704.8180980366698,488.54267746174077,0.32889318620469893,0.22797138472316414,0.0,0.0,0.0,0.0,0.0,0.0,0.7162917188531193,0.8274131274131274,704.8180980366698,488.54267746174077,0.32889318620469893,0.22797138472316414
59,0.8621675870901763,0.9156285390713477,701.9307933532609,486.5413503610184,0.1446981639565576,0.1002971243786886,1.0,1.0,0.0,0.0,0.0,0.0,0.7180555507350393,0.8274131274131274,701.9307933532609,486.5413503610184,0.3275458671737102,0.22703749433551954,0.0,0.0,0.0,0.0,0.0,0.0,0.7180555507350393,0.8274131274131274,701.9307933532609,486.5413503610184,0.3275458671737102,0.22703749433551954
60,0.8630161736295453,0.9156285390713477,698.9194424948399,484.4540410038271,0.144077394865974,0.09986684003377182,1.0,1.0,0.0,0.0,0.0,0.0,0.7197913852854791,0.8274131274131274,698.9194424948399,484.4540410038271,0.32614066378667284,0.22606348156968134,0.0,0.0,0.0,0.0,0.0,0.0,0.7197913852854791,0.8274131274131274,698.9194424948399,484.4540410038271,0.32614066378667284,0.22606348156968134
61,0.8638512905413462,0.9156285390713477,695.7903841561705,482.2851430385708,0.14343236119484035,0.0994197367632593,1.0,1.0,0.0,0.0,0.0,0.0,0.7214996669065487,0.8274131274131274,695.7903841561705,482.2851430385708,0.32468053390395263,0.2250513966582225,0.0,0.0,0.0,0.0,0.0,0.0,0.7214996669065487,0.8274131274131274,695.7903841561705,482.2851430385708,0.32468053390395263,0.2250513966582225
62,0.8646731516291026,0.9156285390713477,692.549702488152,480.03887367729146,0.14276431714866047,0.09895668391615986,1.0,1.0,0.0,0.0,0.0,0.0,0.7231808329463287,0.8274131274131274,692.549702488152,480.03887367729146,0.32316831660669715,0.22400320750223587,0.0,0.0,0.0,0.0,0.0,0.0,0.7231808329463287,0.8274131274131274,692.549702488152,480.03887367729146,0.32316831660669715,0.22400320750223587
63,0.8654819673027996,0.9156285390713477,689.2032386192899,477.719281681744,0.1420744668355576,0.0984785161166242,1.0,1.0,0.0,0.0,0.0,0.0,0.7248353138108854,0.8274131274131274,689.2032386192899,477.719281681744,0.3216067375731637,0.22292080339792067,0.0,0.0,0.0,0.0,0.0,0.0,0.7248353138108854,0.8274131274131274,689.2032386192899,477.719281681744,0.3216067375731637,0.22292080339792067
64,0.8662779446324543,0.9156285390713477,685.7566015197476,475.330254893783,0.14136396650582306,0.09798603481628179,1.0,1.0,0.0,0.0,0.0,0.0,0.7264635330744182,0.8274131274131274,685.7566015197476,475.330254893783,0.31999841414827235,0.22180599855052868,0.0,0.0,0.0,0.0,0.0,0.0,0.7264635330744182,0.8274131274131274,685.7566015197476,475.330254893783,0.31999841414827235,0.22180599855052868
65,0.867061287401326,0.9156285390713477,682.2151782553999,472.8755273429309,0.1406339266657184,0.0974800097594168,1.0,1.0,0.0,0.0,0.0,0.0,0.7280659075877363,0.8274131274131274,682.2151782553999,472.8755273429309,0.3183458601285114,0.22066053539100836,0.0,0.0,0.0,0.0,0.0,0.0,0.7280659075877363,0.8274131274131274,682.2151782553999,472.8755273429309,0.3183458601285114,0.22066053539100836
66,0.8678321961579967,0.9156285390713477,678.5841436749789,470.35868596099647,0.1398854140744133,0.09696118036714006,1.0,1.0,0.0,0.0,0.0,0.0,0.7296428475849536,0.8274131274131274,678.5841436749789,470.35868596099647,0.31665149028230466,0.2194860877092844,0.0,0.0,0.0,0.0,0.0,0.0,0.7296428475849536,0.8274131274131274,678.5841436749789,470.35868596099647,0.31665149028230466,0.2194860877092844
67,0.8685908682677301,0.9156285390713477,674.8684695703267,467.7831769314772,0.13911945363230813,0.09643025704627442,1.0,1.0,0.0,0.0,0.0,0.0,0.7311947567885969,0.8274131274131274,674.8684695703267,467.7831769314772,0.31491762462451084,0.2182842636171149,0.0,0.0,0.0,0.0,0.0,0.0,0.7311947567885969,0.8274131274131274,674.8684695703267,467.7831769314772,0.31491762462451084,0.2182842636171149
68,0.8693374979630389,0.9156285390713477,671.0729333456428,465.15231169862443,0.1383370301681391,0.09588792242808172,1.0,1.0,0.0,0.0,0.0,0.0,0.7327220325127758,0.8274131274131274,671.0729333456428,465.15231169862443,0.31314649246180254,0.21705660835213458,0.0,0.0,0.0,0.0,0.0,0.0,0.7327220325127758,0.8274131274131274,671.0729333456428,465.15231169862443,0.31314649246180254,0.21705660835213458
69,0.8700722763933136,0.9156285390713477,667.2021262291689,462.46927265934914,0.13753909013176024,0.0953348325416098,1.0,1.0,0.0,0.0,0.0,0.0,0.7342250657651772,0.8274131274131274,667.2021262291689,462.46927265934914,0.31134023622453055,0.21580460693390066,0.0,0.0,0.0,0.0,0.0,0.0,0.7342250657651772,0.8274131274131274,667.2021262291689,462.46927265934914,0.31134023622453055,0.21580460693390066
70,0.870795391673913,0.9156285390713477,663.2604610575523,459.7371185589318,0.13672654319883576,0.09477161792598059,1.0,1.0,0.0,0.0,0.0,0.0,0.7357042413468947,0.8274131274131274,663.2604610575523,459.7371185589318,0.3095009150991845,0.21452968668172273,0.0,0.0,0.0,0.0,0.0,0.0,0.7357042413468947,0.8274131274131274,663.2604610575523,459.7371185589318,0.3095009150991845,0.21452968668172273
71,0.8715070289341929,0.9156285390713477,659.2521796610455,456.9587896100522,0.13590026379324788,0.09419888468564258,1.0,1.0,0.0,0.0,0.0,0.0,0.7371599379511136,0.8274131274131274,659.2521796610455,456.9587896100522,0.3076305084745896,0.21323321960338412,0.0,0.0,0.0,0.0,0.0,0.0,0.7371599379511136,0.8274131274131274,659.2521796610455,456.9587896100522,0.3076305084745896,0.21323321960338412
72,0.87220737036495,0.9156285390713477,655.1813598751597,454.1371123528978,0.13506109253250045,0.09361721549224856,1.0,1.0,0.0,0.0,0.0,0.0,0.7385925282600273,0.8274131274131274,655.1813598751597,454.1371123528978,0.30573091921379364,0.21191652466304145,0.0,0.0,0.0,0.0,0.0,0.0,0.7385925282600273,0.8274131274131274,655.1813598751597,454.1371123528978,0.30573091921379364,0.21191652466304145
73,0.8728965952650504,0.9156285390713477,651.0519222026275,451.27480427288407,0.13420983760103639,0.09302717053656649,1.0,1.0,0.0,0.0,0.0,0.0,0.7400023790402442,0.8274131274131274,651.0519222026275,451.27480427288407,0.3038039767627753,0.21058086993601682,0.0,0.0,0.0,0.0,0.0,0.0,0.7400023790402442,0.8274131274131274,651.0519222026275,451.27480427288407,0.3038039767627753,0.21058086993601682
74,0.8735748800873646,0.9156285390713477,646.867636147421,448.37447819106137,0.13334727605595154,0.09242928843353151,1.0,1.0,0.0,0.0,0.0,0.0,0.7413898512366386,0.8274131274131274,646.867636147421,448.37447819106137,0.3018514401061227,0.20922747465751815,0.0,0.0,0.0,0.0,0.0,0.0,0.7413898512366386,0.8274131274131274,646.867636147421,448.37447819106137,0.3018514401061227,0.20922747465751815
75,0.8742423984839269,0.9156285390713477,642.6321262411805,445.4386464413171,0.13247415506930127,0.09182408708334716,1.0,1.0,0.0,0.0,0.0,0.0,0.7427553000648149,0.8274131274131274,642.6321262411805,445.4386464413171,0.29987500057917893,0.20785751117186985,0.0,0.0,0.0,0.0,0.0,0.0,0.7427553000648149,0.8274131274131274,642.6321262411805,445.4386464413171,0.29987500057917893,0.20785751117186985
76,0.8748993213503995,0.9156285390713477,638.3488777805708,442.4697248472077,0.1315911931108165,0.09121206449128173,1.0,1.0,0.0,0.0,0.0,0.0,0.7440990751021175,0.8274131274131274,638.3488777805708,442.4697248472077,0.2978762845452967,0.20647210678824438,0.0,0.0,0.0,0.0,0.0,0.0,0.7440990751021175,0.8274131274131274,638.3488777805708,442.4697248472077,0.2978762845452967,0.20647210678824438
77,0.875545816869787,0.9156285390713477,634.0212422930683,439.4700365105542,0.13069908107463787,0.09059369954866094,1.0,1.0,0.0,0.0,0.0,0.0,0.7454215203768847,0.8274131274131274,634.0212422930683,439.4700365105542,0.2958568559463688,0.2050723455485554,0.0,0.0,0.0,0.0,0.0,0.0,0.7454215203768847,0.8274131274131274,634.0212422930683,439.4700365105542,0.2958568559463688,0.2050723455485554
78,0.8761820505555312,0.9156285390713477,629.6524427469891,436.4418154227579,0.12979848335332697,0.08996945277731558,1.0,1.0,0.0,0.0,0.0,0.0,0.7467229744568336,0.8274131274131274,629.6524427469891,436.4418154227579,0.29381821873401265,0.20365926991262617,0.0,0.0,0.0,0.0,0.0,0.0,0.7467229744568336,0.8274131274131274,629.6524427469891,436.4418154227579,0.29381821873401265,0.20365926991262617
79,0.8768081852938773,0.9156285390713477,625.2455785208807,433.38720990932035,0.12889003886227185,0.08933976703964551,1.0,1.0,0.0,0.0,0.0,0.0,0.7480037705354864,0.8274131274131274,625.2455785208807,433.38720990932035,0.2917618191884651,0.2022338823655251,0.0,0.0,0.0,0.0,0.0,0.0,0.7480037705354864,0.8274131274131274,625.2455785208807,433.38720990932035,0.2917618191884651,0.2022338823655251
80,0.8774243813855712,0.9156285390713477,620.8036301458542,430.30828591697787,0.12797436201728596,0.08870506821623951,1.0,1.0,0.0,0.0,0.0,0.0,0.7492642365176745,0.8274131274131274,620.8036301458542,430.30828591697787,0.2896890481315232,0.20079714695145956,0.0,0.0,0.0,0.0,0.0,0.0,0.7492642365176745,0.8274131274131274,620.8036301458542,430.30828591697787,0.2896890481315232,0.20079714695145956
81,0.8780307965869415,0.9156285390713477,616.3294638340441,427.2070301525904,0.12705204366811876,0.08806576585293556,1.0,1.0,0.0,0.0,0.0,0.0,0.7505046951033317,0.8274131274131274,616.3294638340441,427.2070301525904,0.2876012430396846,0.19934999073849294,0.0,0.0,0.0,0.0,0.0,0.0,0.7505046951033317,0.8274131274131274,616.3294638340441,427.2070301525904,0.2876012430396846,0.19934999073849294
82,0.878627586150177,0.9156285390713477,611.8258358046355,424.08535308171514,0.12612365199023615,0.08742225377895592,1.0,1.0,0.0,0.0,0.0,0.0,0.7517254638701507,0.8274131274131274,611.8258358046355,424.08535308171514,0.2854996900628257,0.1978933052177859,0.0,0.0,0.0,0.0,0.0,0.0,0.7517254638701507,0.8274131274131274,611.8258358046355,424.08535308171514,0.2854996900628257,0.1978933052177859
83,0.8792149028632076,0.9156285390713477,607.2953964192029,420.94509179500477,0.1251897333372919,0.08677491069779525,1.0,1.0,0.0,0.0,0.0,0.0,0.7529268553549536,0.8274131274131274,607.2953964192029,420.94509179500477,0.28338562595389777,0.19642794764115948,0.0,0.0,0.0,0.0,0.0,0.0,0.7529268553549536,0.8274131274131274,607.2953964192029,420.94509179500477,0.28338562595389777,0.19642794764115948
84,0.8797928970887434,0.9156285390713477,602.7406941363247,417.7880127493378,0.12425081305634399,0.08612410075228567,1.0,1.0,0.0,0.0,0.0,0.0,0.754109177133647,0.8274131274131274,602.7406941363247,417.7880127493378,0.28126023991429056,0.1949547423002043,0.0,0.0,0.0,0.0,0.0,0.0,0.754109177133647,0.8274131274131274,602.7406941363247,417.7880127493378,0.28126023991429056,0.1949547423002043
85,0.880361716802749,0.9156285390713477,598.164179295397,414.61581439055806,0.12330739626786169,0.08547017406525624,1.0,1.0,0.0,0.0,0.0,0.0,0.7552727318999815,0.8274131274131274,598.164179295397,414.61581439055806,0.27912467535949465,0.19347448175014376,0.0,0.0,0.0,0.0,0.0,0.0,0.7552727318999815,0.8274131274131274,598.164179295397,414.61581439055806,0.27912467535949465,0.19347448175014376
86,0.8809215076324296,0.9156285390713477,593.5682077385259,411.43012966397913,0.1223599686123533,0.0848134672570561,1.0,1.0,0.0,0.0,0.0,0.0,0.7564178175430573,0.8274131274131274,593.5682077385259,411.43012966397913,0.2769800316092048,0.19198792798132483,0.0,0.0,0.0,0.0,0.0,0.0,0.7564178175430573,0.8274131274131274,593.5682077385259,411.43012966397913,0.2769800316092048,0.19198792798132483
87,0.8814724128933401,0.9156285390713477,588.9550442792909,408.2325284187482,0.12140899696542792,0.08415430394119731,1.0,1.0,0.0,0.0,0.0,0.0,0.757544727223541,0.8274131274131274,588.9550442792909,408.2325284187482,0.27482736550596865,0.19049581354117975,0.0,0.0,0.0,0.0,0.0,0.0,0.757544727223541,0.8274131274131274,588.9550442792909,408.2325284187482,0.27482736550596865,0.19049581354117975
88,0.8820145736263325,0.9156285390713477,584.3268660258668,405.02451971125845,0.12045493012283381,0.08349299519918747,1.0,1.0,0.0,0.0,0.0,0.0,0.7586537494487811,0.8274131274131274,584.3268660258668,405.02451971125845,0.27266769296587345,0.18899884260908,0.0,0.0,0.0,0.0,0.0,0.0,0.7586537494487811,0.8274131274131274,584.3268660258668,405.02451971125845,0.27266769296587345,0.18899884260908
89,0.8825481286334024,0.9156285390713477,579.6857655664668,401.80755401312985,0.1194981994571154,0.08282984003568952,1.0,1.0,0.0,0.0,0.0,0.0,0.7597451681466203,0.8274131274131274,579.6857655664668,401.80755401312985,0.27050199046498685,0.1874976920266588,0.0,0.0,0.0,0.0,0.0,0.0,0.7597451681466203,0.8274131274131274,579.6857655664668,401.80755401312985,0.27050199046498685,0.1874976920266588
90,0.883073214513356,0.9156285390713477,575.0337540236183,398.5830253282721,0.11853921954723114,0.08216512581493962,1.0,1.0,0.0,0.0,0.0,0.0,0.7608192627381523,0.8274131274131274,575.0337540236183,398.5830253282721,0.26833119646459086,0.18599301228570791,0.0,0.0,0.0,0.0,0.0,0.0,0.7608192627381523,0.8274131274131274,575.0337540236183,398.5830253282721,0.26833119646459086,0.18599301228570791
91,0.8835899656968227,0.9156285390713477,570.3727639840097,395.3522732236994,0.11757838878252107,0.08149912867938557,1.0,1.0,0.0,0.0,0.0,0.0,0.7618763082091887,0.8274131274131274,570.3727639840097,395.3522732236994,0.2661562127783526,0.184485428475828,0.0,0.0,0.0,0.0,0.0,0.0,0.7618763082091887,0.8274131274131274,570.3727639840097,395.3522732236994,0.2661562127783526,0.184485428475828
92,0.884098514480531,0.9156285390713477,565.7046523102058,392.1165847784633,0.11661608994232237,0.08083211395144574,1.0,1.0,0.0,0.0,0.0,0.0,0.7629165751806745,0.8274131274131274,565.7046523102058,392.1165847784633,0.2639779058843704,0.18297554119386994,0.0,0.0,0.0,0.0,0.0,0.0,0.7629165751806745,0.8274131274131274,565.7046523102058,392.1165847784633,0.2639779058843704,0.18297554119386994
93,0.8845989910613634,0.9156285390713477,561.0312028396439,388.87719645445395,0.11565269075234878,0.08016433651916181,1.0,1.0,0.0,0.0,0.0,0.0,0.763940329978023,0.8274131274131274,561.0312028396439,388.87719645445395,0.26179710818462154,0.1814639274169174,0.0,0.0,0.0,0.0,0.0,0.0,0.763940329978023,0.8274131274131274,561.0312028396439,388.87719645445395,0.26179710818462154,0.1814639274169174
94,0.8850915235694427,0.9156285390713477,556.3541289766999,385.6352958930837,0.114688544419027,0.07949604120657261,1.0,1.0,0.0,0.0,0.0,0.0,0.7649478346992118,0.8274131274131274,556.3541289766999,385.6352958930837,0.25961461921451234,0.17995114134068302,0.0,0.0,0.0,0.0,0.0,0.0,0.7649478346992118,0.8274131274131274,556.3541289766999,385.6352958930837,0.25961461921451234,0.17995114134068302
95,0.8855762381012338,0.9156285390713477,551.6750761827155,382.3920236412423,0.1137239901427985,0.0788274631295078,1.0,1.0,0.0,0.0,0.0,0.0,0.765939347281955,0.8274131274131274,551.6750761827155,382.3920236412423,0.2574312068048136,0.17843771518490076,0.0,0.0,0.0,0.0,0.0,0.0,0.765939347281955,0.8274131274131274,551.6750761827155,382.3920236412423,0.2574312068048136,0.17843771518490076
96,0.8860532587515548,0.9156285390713477,546.9956243689032,379.14847480993217,0.11275935361140038,0.07815882803750406,1.0,1.0,0.0,0.0,0.0,0.0,0.7669151215697734,0.8274131274131274,546.9956243689032,379.14847480993217,0.25524760819827497,0.17692415996730385,0.0,0.0,0.0,0.0,0.0,0.0,0.7669151215697734,0.8274131274131274,546.9956243689032,379.14847480993217,0.25524760819827497,0.17692415996730385
97,0.8865227076455,0.9156285390713477,542.3172901965426,375.90570066864314,0.11179494747403475,0.07749035264247436,1.0,1.0,0.0,0.0,0.0,0.0,0.7678754073767885,0.8274131274131274,542.3172901965426,375.90570066864314,0.25306453112297833,0.17541096624761696,0.0,0.0,0.0,0.0,0.0,0.0,0.7678754073767885,0.8274131274131274,542.3172901965426,375.90570066864314,0.25306453112297833,0.17541096624761696
98,0.8869847049697336,0.9156285390713477,537.6415292890376,372.6647101786337,0.11083107179736913,0.07682224493478328,1.0,1.0,0.0,0.0,0.0,0.0,0.768820450551973,0.8274131274131274,537.6415292890376,372.6647101786337,0.25088265482456257,0.1738986048430395,0.0,0.0,0.0,0.0,0.0,0.0,0.768820450551973,0.8274131274131274,537.6415292890376,372.6647101786337,0.25088265482456257,0.1738986048430395
99,0.8874393690030967,0.9156285390713477,532.9697383595328,369.4264714676819,0.10986801450412963,0.07615470448725663,1.0,1.0,0.0,0.0,0.0,0.0,0.7697504930418348,0.8274131274131274,532.9697383595328,369.4264714676819,0.24870263105904472,0.17238752751641712,0.0,0.0,0.0,0.0,0.0,0.0,0.7697504930418348,0.8274131274131274,532.9697383595328,369.4264714676819,0.24870263105904472,0.17238752751641712
100,0.88788681614702,0.9156285390713477,528.303257258056,366.19191324905694,0.10890605179510533,0.07548792274769263,1.0,1.0,0.0,0.0,0.0,0.0,0.7706657729524964,0.8274131274131274,528.303257258056,366.19191324905694,0.24652508504808957,0.170878167638384,0.0,0.0,0.0,0.0,0.0,0.0,0.7706657729524964,0.8274131274131274,528.303257258056,366.19191324905694,0.24652508504808957,0.170878167638384
101,0.8883271609553427,0.9156285390713477,523.6433709419078,362.961926187289,0.10794544855533042,0.0748220833204059,1.0,1.0,0.0,0.0,0.0,0.0,0.7715665246106087,0.8274131274131274,523.6433709419078,362.961926187289,0.24435061639846375,0.1693709408246799,0.0,0.0,0.0,0.0,0.0,0.0,0.7715665246106087,0.8274131274131274,523.6433709419078,362.961926187289,0.24435061639846375,0.1693709408246799
102,0.8887605161635299,0.9156285390713477,518.9913113724699,359.7373642129362,0.10698645874509789,0.07415736223725751,1.0,1.0,0.0,0.0,0.0,0.0,0.7724529786233426,0.8274131274131274,518.9913113724699,359.7373642129362,0.24217979998715347,0.16786624554966692,0.0,0.0,0.0,0.0,0.0,0.0,0.7724529786233426,0.8274131274131274,518.9913113724699,359.7373642129362,0.24217979998715347,0.16786624554966692
103,0.8891869927176442,0.9156285390713477,514.348259341951,356.5190457887889,0.10602932577653082,0.07349392821867427,1.0,1.0,0.0,0.0,0.0,0.0,0.7733253619374733,0.8274131274131274,514.348259341951,356.5190457887889,0.24001318681378955,0.16636446373718566,0.0,0.0,0.0,0.0,0.0,0.0,0.7733253619374733,0.8274131274131274,514.348259341951,356.5190457887889,0.24001318681378955,0.16636446373718566
104,0.8896066998026094,0.9156285390713477,509.7153462328367,353.30775512942705,0.1050742828762805,0.07283194292505196,1.0,1.0,0.0,0.0,0.0,0.0,0.7741838978973855,0.8274131274131274,509.7153462328367,353.30775512942705,0.237851304821669,0.16486596132964398,0.0,0.0,0.0,0.0,0.0,0.0,0.7741838978973855,0.8274131274131274,509.7153462328367,353.30775512942705,0.237851304821669,0.16486596132964398
105,0.8900197448703643,0.9156285390713477,505.09365571309434,350.10424337624704,0.1041215534349813,0.07217156119897898,1.0,1.0,0.0,0.0,0.0,0.0,0.7750288063024088,0.8274131274131274,505.09365571309434,350.10424337624704,0.2356946596887981,0.1633710888363262,0.0,0.0,0.0,0.0,0.0,0.0,0.7750288063024088,0.8274131274131274,505.09365571309434,350.10424337624704,0.2356946596887981,0.1633710888363262
106,0.8904262336672176,0.9156285390713477,500.48422536996236,346.9092297299176,0.10317135134404501,0.07151293129868432,1.0,1.0,0.0,0.0,0.0,0.0,0.7758603034628873,0.8274131274131274,500.48422536996236,346.9092297299176,0.2335437355902764,0.16188018186183745,0.0,0.0,0.0,0.0,0.0,0.0,0.7758603034628873,0.8274131274131274,500.48422536996236,346.9092297299176,0.2335437355902764,0.16188018186183745
107,0.8908262702609172,0.9156285390713477,495.8880482847458,343.7234025419456,0.10222388132029392,0.07085619512305619,1.0,1.0,0.0,0.0,0.0,0.0,0.776678602255739,0.8274131274131274,495.8880482847458,343.7234025419456,0.2313989959331525,0.16039356161546692,0.0,0.0,0.0,0.0,0.0,0.0,0.776678602255739,0.8274131274131274,495.8880482847458,343.7234025419456,0.2313989959331525,0.16039356161546692
108,0.8912199570674377,0.9156285390713477,491.3060745511345,340.54742036709314,0.10127933921895166,0.07020148842859063,1.0,1.0,0.0,0.0,0.0,0.0,0.7774839121788906,0.8274131274131274,491.3060745511345,340.54742036709314,0.2292608840649251,0.1589115354022833,0.0,0.0,0.0,0.0,0.0,0.0,0.7774839121788906,0.8274131274131274,491.3060745511345,340.54742036709314,0.2292608840649251,0.1589115354022833
109,0.8916073948770262,0.9156285390713477,486.73921273956034,337.38191297839364,0.10033791233551027,0.0695489410386299,1.0,1.0,0.0,0.0,0.0,0.0,0.778276439404833,0.8274131274131274,486.73921273956034,337.38191297839364,0.22712982395686437,0.15743439709677726,0.0,0.0,0.0,0.0,0.0,0.0,0.778276439404833,0.8274131274131274,486.73921273956034,337.38191297839364,0.22712982395686437,0.15743439709677726
110,0.8919886828801139,0.9156285390713477,482.18833130958313,334.2274823461423,0.09939977969688377,0.06889867704517467,1.0,1.0,0.0,0.0,0.0,0.0,0.7790563868335187,0.8274131274131274,482.18833130958313,334.2274823461423,0.22500622086308125,0.15596242759969312,0.0,0.0,0.0,0.0,0.0,0.0,0.7790563868335187,0.8274131274131274,482.18833130958313,334.2274823461423,0.22500622086308125,0.15596242759969312
111,0.8923639186926825,0.9156285390713477,477.6542599725899,331.08470358244784,0.09846511234231908,0.06825081500359675,1.0,1.0,0.0,0.0,0.0,0.0,0.7798239541443279,0.8274131274131274,477.6542599725899,331.08470358244784,0.22289046195641152,0.1544958952787904,0.0,0.0,0.0,0.0,0.0,0.0,0.7798239541443279,0.8274131274131274,477.6542599725899,331.08470358244784,0.22289046195641152,0.1544958952787904
112,0.8927331983812178,0.9156285390713477,473.1377910067848,327.95412585271356,0.09753407359447223,0.06760546812053464,1.0,1.0,0.0,0.0,0.0,0.0,0.7805793378470006,0.8274131274131274,473.1377910067848,327.95412585271356,0.22078291694203678,0.1530350563941734,0.0,0.0,0.0,0.0,0.0,0.0,0.7805793378470006,0.8274131274131274,473.1377910067848,327.95412585271356,0.22078291694203678,0.1530350563941734
113,0.893096616487406,0.9156285390713477,468.6396805262815,324.8362732553055,0.09660681932102277,0.06696274443523098,1.0,1.0,0.0,0.0,0.0,0.0,0.781322731332173,0.8274131274131274,468.6396805262815,324.8362732553055,0.21868393864968805,0.15158015550877532,0.0,0.0,0.0,0.0,0.0,0.0,0.781322731332173,0.8274131274131274,468.6396805262815,324.8362732553055,0.21868393864968805,0.15158015550877532
114,0.8934542660522354,0.9156285390713477,464.16064970642276,321.73164567087935,0.09568349818726506,0.0663227469946154,1.0,1.0,0.0,0.0,0.0,0.0,0.7820543249207426,0.8274131274131274,464.16064970642276,321.73164567087935,0.2165938636054236,0.15013142588468473,0.0,0.0,0.0,0.0,0.0,0.0,0.7820543249207426,0.8274131274131274,464.16064970642276,321.73164567087935,0.2165938636054236,0.15013142588468473
115,0.8938062386398563,0.9156285390713477,459.7013859666412,318.6407195822766,0.09476425189994665,0.06568557402232046,1.0,1.0,0.0,0.0,0.0,0.0,0.7827743059126908,0.8274131274131274,459.7013859666412,318.6407195822766,0.21451301258359368,0.148689089865738,0.0,0.0,0.0,0.0,0.0,0.0,0.7827743059126908,0.8274131274131274,459.7013859666412,318.6407195822766,0.21451301258359368,0.148689089865738
116,0.8941526243609832,0.9156285390713477,455.2625441128779,315.563948866389,0.09384921544277013,0.06505131908191898,1.0,1.0,0.0,0.0,0.0,0.0,0.7834828586349456,0.8274131274131274,455.2625441128779,315.563948866389,0.2124416911399337,0.14725335924703173,0.0,0.0,0.0,0.0,0.0,0.0,0.7834828586349456,0.8274131274131274,455.2625441128779,315.563948866389,0.2124416911399337,0.14725335924703173
117,0.8944935118960637,0.9156285390713477,450.84474744093706,312.50176555894615,0.0929385173038419,0.0644200712345797,1.0,1.0,0.0,0.0,0.0,0.0,0.7841801644885602,0.8274131274131274,450.84474744093706,312.50176555894615,0.21038019012642886,0.14582443563179942,0.0,0.0,0.0,0.0,0.0,0.0,0.7841801644885602,0.8274131274131274,450.84474744093706,312.50176555894615,0.21038019012642886,0.14582443563179942
118,0.8948289885178944,0.9156285390713477,446.44858880248125,309.45458059340626,0.09203227969541976,0.06379191519138451,1.0,1.0,0.0,0.0,0.0,0.0,0.7848664019953021,0.8274131274131274,446.44858880248125,309.45458059340626,0.20832878618874534,0.1444025107762045,0.0,0.0,0.0,0.0,0.0,0.0,0.7848664019953021,0.8274131274131274,446.44858880248125,309.45458059340626,0.20832878618874534,0.1444025107762045
119,0.8951591401139655,0.9156285390713477,442.07463163474756,306.4227845147017,0.09113061876618173,0.06316693146046211,1.0,1.0,0.0,0.0,0.0,0.0,0.7855417468431982,0.8274131274131274,442.07463163474756,306.4227845147017,0.2062877422467324,0.14298776692239928,0.0,0.0,0.0,0.0,0.0,0.0,0.7855417468431982,0.8274131274131274,442.07463163474756,306.4227845147017,0.2062877422467324,0.14298776692239928
120,0.8954840512085387,0.9156285390713477,437.72341095582556,303.40674816911275,0.0902336448063957,0.06254519648920073,1.0,1.0,0.0,0.0,0.0,0.0,0.7862063719316102,0.8274131274131274,437.72341095582556,303.40674816911275,0.20425730795885466,0.14158037712044458,0.0,0.0,0.0,0.0,0.0,0.0,0.7862063719316102,0.8274131274131274,437.72341095582556,303.40674816911275,0.20425730795885466,0.14158037712044458
121,0.895803804984134,0.9156285390713477,433.39543432648685,300.4068233709573,0.08934146244619395,0.06192678280168157,1.0,1.0,0.0,0.0,0.0,0.0,0.7868604474154292,0.8274131274131274,433.39543432648685,300.4068233709573,0.2022377201710158,0.14018050553941078,0.0,0.0,0.0,0.0,0.0,0.0,0.7868604474154292,0.8274131274131274,433.39543432648685,300.4068233709573,0.2022377201710158,0.14018050553941078
122,0.8961184833029842,0.9156285390713477,429.0911827797528,297.4233435469178,0.08845417084719703,0.06131175913150233,1.0,1.0,0.0,0.0,0.0,0.0,0.7875041407487406,0.8274131274131274,429.0911827797528,297.4233435469178,0.20022920335032796,0.13878830776804377,0.0,0.0,0.0,0.0,0.0,0.0,0.7875041407487406,0.8274131274131274,429.0911827797528,297.4233435469178,0.20022920335032796,0.13878830776804377
123,0.8964281667278796,0.9156285390713477,424.81111171982144,294.45662435913016,0.08757186388782136,0.06070019055022267,1.0,1.0,0.0,0.0,0.0,0.0,0.7881376167275214,0.8274131274131274,424.81111171982144,294.45662435913016,0.19823197000458304,0.13740393110552038,0.0,0.0,0.0,0.0,0.0,0.0,0.7881376167275214,0.8274131274131274,424.81111171982144,294.45662435913016,0.19823197000458304,0.13740393110552038
124,0.8967329345428452,0.9156285390713477,420.55565179099744,291.50696430747996,0.0866946303424031,0.06009213859152339,1.0,1.0,0.0,0.0,0.0,0.0,0.7887610375320738,0.8274131274131274,420.55565179099744,291.50696430747996,0.1962462210877263,0.13602751484250114,0.0,0.0,0.0,0.0,0.0,0.0,0.7887610375320738,0.8274131274131274,420.55565179099744,291.50696430747996,0.1962462210877263,0.13602751484250114
125,0.8970328647734729,0.9156285390713477,416.3252097181164,288.5746453121403,0.08582255405444576,0.059487661371292584,1.0,1.0,0.0,0.0,0.0,0.0,0.7893745627682681,0.8274131274131274,416.3252097181164,288.5746453121403,0.1942721463920282,0.1346591905329633,0.0,0.0,0.0,0.0,0.0,0.0,0.7893745627682681,0.8274131274131274,416.3252097181164,288.5746453121403,0.1942721463920282,0.1346591905329633
126,0.8973280342067659,0.9156285390713477,412.12016911914094,285.65993327682037,0.0849557141041313,0.058886813703735386,1.0,1.0,0.0,0.0,0.0,0.0,0.7899783495086666,0.8274131274131274,412.12016911914094,285.65993327682037,0.19230992492727061,0.13329908225703238,0.0,0.0,0.0,0.0,0.0,0.0,0.7899783495086666,0.8274131274131274,412.12016911914094,285.65993327682037,0.19230992492727061,0.13329908225703238
127,0.8976185184109748,0.9156285390713477,407.94089129136404,282.7630786337201,0.08409418497039044,0.05828964721371266,1.0,1.0,0.0,0.0,0.0,0.0,0.7905725523325587,0.8274131274131274,407.94089129136404,282.7630786337201,0.19035972528761738,0.1319473068752777,0.0,0.0,0.0,0.0,0.0,0.0,0.7905725523325587,0.8274131274131274,407.94089129136404,282.7630786337201,0.19035972528761738,0.1319473068752777
128,0.8979043917547815,0.9156285390713477,403.78771597176626,279.88431687056976,0.08323803668764508,0.05769621044538647,1.0,1.0,0.0,0.0,0.0,0.0,0.7911573233655632,0.8274131274131274,403.78771597176626,279.88431687056976,0.18842170600642383,0.13060397427464757,0.0,0.0,0.0,0.0,0.0,0.0,0.7911573233655632,0.8274131274131274,403.78771597176626,279.88431687056976,0.18842170600642383,0.13060397427464757
129,0.8981857274264682,0.9156285390713477,399.6609620727803,277.0238690406229,0.082387334997481,0.057106548967351664,1.0,1.0,0.0,0.0,0.0,0.0,0.7917328123187009,0.8274131274131274,399.6609620727803,277.0238690406229,0.18649601589957085,0.12926918760645026,0.0,0.0,0.0,0.0,0.0,0.0,0.7917328123187009,0.8274131274131274,399.6609620727803,277.0238690406229,0.18649601589957085,0.12926918760645026
130,0.8984625974525849,0.9156285390713477,395.56092839399076,274.1819422559691,0.08154214149535988,0.05652070547432882,1.0,1.0,0.0,0.0,0.0,0.0,0.7922991665265512,0.8274131274131274,395.56092839399076,274.1819422559691,0.1845827943975692,0.12794304351655114,0.0,0.0,0.0,0.0,0.0,0.0,0.7922991665265512,0.8274131274131274,395.56092839399076,274.1819422559691,0.1845827943975692,0.12794304351655114
131,0.8987350727163734,0.9156285390713477,391.4878943110803,271.35873016507514,0.08070251377264076,0.05593871988560609,1.0,1.0,0.0,0.0,0.0,0.0,0.7928565309850656,0.8274131274131274,391.4878943110803,271.35873016507514,0.18268217186704636,0.12662563236821053,0.0,0.0,0.0,0.0,0.0,0.0,0.7928565309850656,0.8274131274131274,391.4878943110803,271.35873016507514,0.18268217186704636,0.12662563236821053
132,0.8990032229759741,0.9156285390713477,387.4421204423067,268.55441341475165,0.07986850555396964,0.055360629440270384,1.0,1.0,0.0,0.0,0.0,0.0,0.7934050483886824,0.8274131274131274,387.4421204423067,268.55441341475165,0.18079426992174835,0.1253170384576536,0.0,0.0,0.0,0.0,0.0,0.0,0.7934050483886824,0.8274131274131274,387.4421204423067,268.55441341475165,0.18079426992174835,0.1253170384576536
133,0.8992671168822509,0.9156285390713477,383.4238492937644,265.76916009741416,0.0790401668302957,0.05478646878940716,1.0,1.0,0.0,0.0,0.0,0.0,0.7939448591668499,0.8274131274131274,383.4238492937644,265.76916009741416,0.1789192017236418,0.12401734022277842,0.0,0.0,0.0,0.0,0.0,0.0,0.7939448591668499,0.8274131274131274,383.4238492937644,265.76916009741416,0.1789192017236418,0.12401734022277842
134,0.899526821996355,0.9156285390713477,379.4333058838394,263.0031261839226,0.07821754398759831,0.05421627008532727,1.0,1.0,0.0,0.0,0.0,0.0,0.7944761015199864,0.8274131274131274,379.4333058838394,263.0031261839226,0.17705707227430678,0.1227266104451342,0.0,0.0,0.0,0.0,0.0,0.0,0.7944761015199864,0.8274131274131274,379.4333058838394,263.0031261839226,0.17705707227430678,0.1227266104451342
135,0.8997824048070694,0.9156285390713477,375.4706983476904,260.2564559425753,0.07740067993149669,0.053650063067939666,1.0,1.0,0.0,0.0,0.0,0.0,0.7949989114547987,0.8274131274131274,375.4706983476904,260.2564559425753,0.17520797869700905,0.12144491644543878,0.0,0.0,0.0,0.0,0.0,0.0,0.7949989114547987,0.8274131274131274,375.4706983476904,260.2564559425753,0.17520797869700905,0.12144491644543878
136,0.9000339307477785,0.9156285390713477,371.5362185225579,257.5292823448147,0.0765896142079072,0.05308787514838481,1.0,1.0,0.0,0.0,0.0,0.0,0.7955134228192123,0.8274131274131274,371.5362185225579,257.5292823448147,0.17337201050982634,0.12017232027289533,0.0,0.0,0.0,0.0,0.0,0.0,0.7955134228192123,0.8274131274131274,371.5362185225579,257.5292823448147,0.17337201050982634,0.12017232027289533
137,0.9002814642132266,0.9156285390713477,367.6300425143472,254.8217274579526,0.0757843831198407,0.052529731489992286,1.0,1.0,0.0,0.0,0.0,0.0,0.7960197673365613,0.8274131274131274,367.6300425143472,254.8217274579526,0.17154924989003603,0.11890887888845197,0.0,0.0,0.0,0.0,0.0,0.0,0.7960197673365613,0.8274131274131274,367.6300425143472,254.8217274579526,0.17154924989003603,0.11890887888845197
138,0.9005250685760711,0.9156285390713477,363.7523312462347,252.13390282543486,0.07498501984049365,0.05197565508666973,1.0,1.0,0.0,0.0,0.0,0.0,0.7965180746393841,0.8274131274131274,363.7523312462347,252.13390282543486,0.1697397719301142,0.11765464434224679,0.0,0.0,0.0,0.0,0.0,0.0,0.7965180746393841,0.8274131274131274,363.7523312462347,252.13390282543486,0.1697397719301142,0.11765464434224679
139,0.9007648062029675,0.9156285390713477,359.90323098995765,249.46590983510387,0.07419155452277008,0.05142566683881754,1.0,1.0,0.0,0.0,0.0,0.0,0.7970084723024571,0.8274131274131274,359.90323098995765,249.46590983510387,0.16794364488565452,0.11640966394545212,0.0,0.0,0.0,0.0,0.0,0.0,0.7970084723024571,0.8274131274131274,359.90323098995765,249.46590983510387,0.16794364488565452,0.11640966394545212
140,0.9010007384707371,0.9156285390713477,356.08287388027344,246.81784007579412,0.07340401440533363,0.05087978562683861,1.0,1.0,0.0,0.0,0.0,0.0,0.7974910858756276,0.8274131274131274,356.08287388027344,246.81784007579412,0.16616093041543326,0.11517398043667482,0.0,0.0,0.0,0.0,0.0,0.0,0.7974910858756276,0.8274131274131274,356.08287388027344,246.81784007579412,0.16616093041543326,0.11517398043667482
141,0.9012329257818464,0.9156285390713477,352.2913784131742,244.18977568266845,0.07262242391531111,0.05033802838232704,1.0,1.0,0.0,0.0,0.0,0.0,0.7979660389159157,0.8274131274131274,352.2913784131742,244.18977568266845,0.16439168381389369,0.11394763214310241,0.0,0.0,0.0,0.0,0.0,0.0,0.7979660389159157,0.8274131274131274,352.2913784131742,244.18977568266845,0.16439168381389369,0.11394763214310241
142,0.90146142758009,0.9156285390713477,348.5288499284537,241.58178967170798,0.0718468047677703,0.049800410157020816,1.0,1.0,0.0,0.0,0.0,0.0,0.798433453019032,0.8274131274131274,348.5288499284537,241.58178967170798,0.16263595423632932,0.11273065313658795,0.0,0.0,0.0,0.0,0.0,0.0,0.798433453019032,0.8274131274131274,348.5288499284537,241.58178967170798,0.16263595423632932,0.11273065313658795
143,0.9016863023656702,0.9156285390713477,344.79538107703297,238.99394626363733,0.07107717606205585,0.049266944189576854,1.0,1.0,0.0,0.0,0.0,0.0,0.7988934478507014,0.8274131274131274,344.79538107703297,238.99394626363733,0.16089378491695425,0.1115230733848051,0.0,0.0,0.0,0.0,0.0,0.0,0.7988934478507014,0.8274131274131274,344.79538107703297,238.99394626363733,0.16089378491695425,0.1115230733848051
144,0.9019076077102179,0.9156285390713477,341.091052273772,236.42630119778997,0.07031355437513337,0.048737641970272104,1.0,1.0,0.0,0.0,0.0,0.0,0.7993461411770816,0.8274131274131274,341.091052273772,236.42630119778997,0.1591652133802016,0.1103249188977088,0.0,0.0,0.0,0.0,0.0,0.0,0.7993461411770816,0.8274131274131274,341.091052273772,236.42630119778997,0.1591652133802016,0.1103249188977088
145,0.9021254002714844,0.9156285390713477,337.4159321358952,233.87890203600162,0.06955595385196768,0.04821251330364906,1.0,1.0,0.0,0.0,0.0,0.0,0.7997916488951226,0.8274131274131274,337.4159321358952,233.87890203600162,0.1574502716453081,0.1091362118693428,0.0,0.0,0.0,0.0,0.0,0.0,0.7997916488951226,0.8274131274131274,337.4159321358952,233.87890203600162,0.1574502716453081,0.1091362118693428
146,0.9023397358079946,0.9156285390713477,333.7700779078781,231.35178845711897,0.06880438629311031,0.04769156636922675,1.0,1.0,0.0,0.0,0.0,0.0,0.800230085062078,0.8274131274131274,333.7700779078781,231.35178845711897,0.15574898642458146,0.10795697081526784,0.0,0.0,0.0,0.0,0.0,0.0,0.800230085062078,0.8274131274131274,333.7700779078781,231.35178845711897,0.15574898642458146,0.10795697081526784
147,0.9025506691931238,0.9156285390713477,330.1535358729653,228.84499254224264,0.06805886123953109,0.04717480778030151,1.0,1.0,0.0,0.0,0.0,0.0,0.8006615619247766,0.8274131274131274,330.1535358729653,228.84499254224264,0.15406137931542943,0.10678721070566619,0.0,0.0,0.0,0.0,0.0,0.0,0.8006615619247766,0.8274131274131274,330.1535358729653,228.84499254224264,0.15406137931542943,0.10678721070566619
148,0.9027582544292814,0.9156285390713477,326.56634175187077,226.35853905108476,0.06731938605480742,0.04666224264091626,1.0,1.0,0.0,0.0,0.0,0.0,0.8010861899484086,0.8274131274131274,326.56634175187077,226.35853905108476,0.15238746698640726,0.10562694309429993,0.0,0.0,0.0,0.0,0.0,0.0,0.8010861899484086,0.8274131274131274,326.56634175187077,226.35853905108476,0.15238746698640726,0.10562694309429993
149,0.9029625446616938,0.9156285390713477,323.00852108905406,223.89244568971546,0.06658596600475243,0.046153874601054516,1.0,1.0,0.0,0.0,0.0,0.0,0.8015040778446623,0.8274131274131274,323.00852108905406,223.89244568971546,0.15072726135746806,0.10447617624345099,0.0,0.0,0.0,0.0,0.0,0.0,0.8015040778446623,0.8274131274131274,323.00852108905406,223.89244568971546,0.15072726135746806,0.10447617624345099
150,0.9031635921920178,0.9156285390713477,319.4800896269741,221.44672336997573,0.06585860433456486,0.04564970591011662,1.0,1.0,0.0,0.0,0.0,0.0,0.8019153325997431,0.8274131274131274,319.4800896269741,221.44672336997573,0.14908076977460294,0.10333491524497235,0.0,0.0,0.0,0.0,0.0,0.0,0.8019153325997431,0.8274131274131274,319.4800896269741,221.44672336997573,0.14908076977460294,0.10333491524497235
151,0.9033614484916839,0.9156285390713477,315.9810536687106,219.02137646082753,0.06513730234358084,0.04514973746873377,1.0,1.0,0.0,0.0,0.0,0.0,0.8023200595015222,0.8274131274131274,315.9810536687106,219.02137646082753,0.14744799517905302,0.102203162137577,0.0,0.0,0.0,0.0,0.0,0.0,0.8023200595015222,0.8274131274131274,315.9810536687106,219.02137646082753,0.14744799517905302,0.102203162137577
152,0.9035561642151692,0.9156285390713477,312.51141042932505,216.61640303189853,0.06442205945770461,0.044653968878973105,1.0,1.0,0.0,0.0,0.0,0.0,0.8027183621667836,0.8274131274131274,312.51141042932505,216.61640303189853,0.14582893627126695,0.10108091602048462,0.0,0.0,0.0,0.0,0.0,0.0,0.8027183621667836,0.8274131274131274,312.51141042932505,216.61640303189853,0.14582893627126695,0.10108091602048462
153,0.9037477892129046,0.9156285390713477,309.07114837626415,214.231795089432,0.06371287329958032,0.04416239849297712,1.0,1.0,0.0,0.0,0.0,0.0,0.803110342567521,0.8274131274131274,309.07114837626415,214.231795089432,0.14422358766974527,0.09996817316352404,0.0,0.0,0.0,0.0,0.0,0.0,0.803110342567521,0.8274131274131274,309.07114837626415,214.231795089432,0.14422358766974527,0.09996817316352404
154,0.9039363725439682,0.9156285390713477,305.6602475592705,211.86753880496323,0.0630097397566008,0.04367502346010374,1.0,1.0,0.0,0.0,0.0,0.0,0.8034961010571284,0.8274131274131274,305.6602475592705,211.86753880496323,0.14263194006498855,0.09886492711384191,0.0,0.0,0.0,0.0,0.0,0.0,0.8034961010571284,0.8274131274131274,305.6602475592705,211.86753880496323,0.14263194006498855,0.09886492711384191
155,0.9041219624888734,0.9156285390713477,302.27867992998983,209.52361473685457,0.06231265304679238,0.04319183977259422,1.0,1.0,0.0,0.0,0.0,0.0,0.8038757363961226,0.8274131274131274,302.27867992998983,209.52361473685457,0.14105398036863734,0.09777116879927884,0.0,0.0,0.0,0.0,0.0,0.0,0.8038757363961226,0.8274131274131274,302.27867992998983,209.52361473685457,0.14105398036863734,0.09777116879927884
156,0.9043046065615896,0.9156285390713477,298.9264096517691,207.19999804503098,0.06162160578267762,0.04271284230983941,1.0,1.0,0.0,0.0,0.0,0.0,0.8042493457773532,0.8274131274131274,298.9264096517691,207.19999804503098,0.13948969185803506,0.09668688662857255,0.0,0.0,0.0,0.0,0.0,0.0,0.8042493457773532,0.8274131274131274,298.9264096517691,207.19999804503098,0.13948969185803506,0.09668688662857255
157,0.904484351522058,0.9156285390713477,295.603393399743,204.89665869898423,0.06093658903313606,0.04223802488125834,1.0,1.0,0.0,0.0,0.0,0.0,0.8046170248509196,0.8274131274131274,295.603393399743,204.89665869898423,0.137939054316259,0.09561206658842007,0.0,0.0,0.0,0.0,0.0,0.0,0.8046170248509196,0.8274131274131274,295.603393399743,204.89665869898423,0.137939054316259,0.09561206658842007
158,0.9046612433879335,0.9156285390713477,292.30958065170654,202.61356167939033,0.0602575923833656,0.0417673802678603,1.0,1.0,0.0,0.0,0.0,0.0,0.8049788677487357,0.8274131274131274,292.30958065170654,202.61356167939033,0.13640204416785187,0.09454669233755965,0.0,0.0,0.0,0.0,0.0,0.0,0.8049788677487357,0.8274131274131274,292.30958065170654,202.61356167939033,0.13640204416785187,0.09454669233755965
159,0.9048353274464005,0.9156285390713477,289.0449139699614,200.35066717347067,0.059584603992983175,0.04130090026251714,1.0,1.0,0.0,0.0,0.0,0.0,0.8053349671085037,0.8274131274131274,289.0449139699614,200.35066717347067,0.1348786346103413,0.09349074529793312,0.0,0.0,0.0,0.0,0.0,0.0,0.8053349671085037,0.8274131274131274,289.0449139699614,200.35066717347067,0.1348786346103413,0.09349074529793312
160,0.9050066482658417,0.9156285390713477,285.80932927440665,198.107930764284,0.05891761065232048,0.04083857570898454,1.0,1.0,0.0,0.0,0.0,0.0,0.8056854140974465,0.8274131274131274,285.80932927440665,198.107930764284,0.13336879574167365,0.09244420474301633,0.0,0.0,0.0,0.0,0.0,0.0,0.8056854140974465,0.8274131274131274,285.80932927440665,198.107930764284,0.13336879574167365,0.09244420474301633
161,0.9051752497072062,0.9156285390713477,282.6027561072006,195.88530361417597,0.05825659783698219,0.04038039653971882,1.0,1.0,0.0,0.0,0.0,0.0,0.8060302984358136,0.8274131274131274,282.6027561072006,195.88530361417597,0.1318724946837147,0.09140704788342323,0.0,0.0,0.0,0.0,0.0,0.0,0.8060302984358136,0.8274131274131274,282.6027561072006,195.88530361417597,0.1318724946837147,0.09140704788342323
162,0.9053411749351928,0.9156285390713477,279.42511788923633,193.6827326425545,0.057601549760716624,0.039926351812524116,1.0,1.0,0.0,0.0,0.0,0.0,0.8063697084195731,0.8274131274131274,279.42511788923633,193.6827326425545,0.13038969570193015,0.09037924994986211,0.0,0.0,0.0,0.0,0.0,0.0,0.8063697084195731,0.8274131274131274,279.42511788923633,193.6827326425545,0.13038969570193015,0.09037924994986211
163,0.9055044664294225,0.9156285390713477,276.276332168632,191.50016069813017,0.05695244942664028,0.03947642974605858,1.0,1.0,0.0,0.0,0.0,0.0,0.8067037309432846,0.8274131274131274,276.276332168632,191.50016069813017,0.1289203603213402,0.08936078427350919,0.0,0.0,0.0,0.0,0.0,0.0,0.8067037309432846,0.8274131274131274,276.276332168632,191.50016069813017,0.1289203603213402,0.08936078427350919
164,0.905665165995171,0.9156285390713477,273.156310861554,189.3375267258421,0.05630927867688188,0.03903061775424492,1.0,1.0,0.0,0.0,0.0,0.0,0.8070324515221675,0.8274131274131274,273.156310861554,189.3375267258421,0.12746444743889596,0.08835162236390205,0.0,0.0,0.0,0.0,0.0,0.0,0.8070324515221675,0.8274131274131274,273.156310861554,189.3375267258421,0.12746444743889596,0.08835162236390205
165,0.9058233147741489,0.9156285390713477,270.06496048557443,187.19476592860894,0.05567201824068737,0.038588902479614294,1.0,1.0,0.0,0.0,0.0,0.0,0.8073559543140857,0.8274131274131274,270.06496048557443,187.19476592860894,0.12602191343237257,0.08735173398441855,0.0,0.0,0.0,0.0,0.0,0.0,0.8073559543140857,0.8274131274131274,270.06496048557443,187.19476592860894,0.12602191343237257,0.08735173398441855
166,0.9059789532550695,0.9156285390713477,267.00218238575474,185.07180992403818,0.055040647781025506,0.03815126982561084,1.0,1.0,0.0,0.0,0.0,0.0,0.8076743221410466,0.8274131274131274,267.00218238575474,185.07180992403818,0.12459271226586782,0.08636108722540278,0.0,0.0,0.0,0.0,0.0,0.0,0.8076743221410466,0.8274131274131274,267.00218238575474,185.07180992403818,0.12459271226586782,0.08636108722540278
167,0.9061321212838839,0.9156285390713477,263.96787295377015,182.96858689631162,0.054415145939758845,0.0377177049879018,1.0,1.0,0.0,0.0,0.0,0.0,0.8079876365104484,0.8274131274131274,263.96787295377015,182.96858689631162,0.12317679559205327,0.08537964857504042,0.0,0.0,0.0,0.0,0.0,0.0,0.8079876365104484,0.8274131274131274,263.96787295377015,182.96858689631162,0.12317679559205327,0.08537964857504042
168,0.9062828580741765,0.9156285390713477,260.96192384018076,180.88502174332046,0.05379549038140193,0.0372881924847084,1.0,1.0,0.0,0.0,0.0,0.0,0.8082959776358956,0.8274131274131274,260.96192384018076,180.88502174332046,0.1217741128512276,0.08440738298801702,0.0,0.0,0.0,0.0,0.0,0.0,0.8082959776358956,0.8274131274131274,260.96192384018076,180.88502174332046,0.1217741128512276,0.08440738298801702
169,0.9064312022169776,0.9156285390713477,257.9842221601122,178.82103621923233,0.053181657835520965,0.03686271618619508,1.0,1.0,0.0,0.0,0.0,0.0,0.808599424457742,0.8274131274131274,257.9842221601122,178.82103621923233,0.12038461136729454,0.08344425395204495,0.0,0.0,0.0,0.0,0.0,0.0,0.808599424457742,0.8274131274131274,257.9842221601122,178.82103621923233,0.12038461136729454,0.08344425395204495
170,0.9065771916908607,0.9156285390713477,255.03465069256495,176.7765490726419,0.052573624137820026,0.036441259342948236,1.0,1.0,0.0,0.0,0.0,0.0,0.8088980546633783,0.8274131274131274,255.03465069256495,176.7765490726419,0.11900823644076759,0.08249022355232939,0.0,0.0,0.0,0.0,0.0,0.0,0.8088980546633783,0.8274131274131274,255.03465069256495,176.7765490726419,0.11900823644076759,0.08249022355232939
171,0.9067208638715012,0.9156285390713477,252.11308807351395,174.75147618041737,0.051971364269947216,0.03602380461356779,1.0,1.0,0.0,0.0,0.0,0.0,0.8091919447070444,0.8274131274131274,252.11308807351395,174.75147618041737,0.11764493143887725,0.08154525253402584,0.0,0.0,0.0,0.0,0.0,0.0,0.8091919447070444,0.8274131274131274,252.11308807351395,174.75147618041737,0.11764493143887725,0.08154525253402584
172,0.9068622555413499,0.9156285390713477,249.21940898291146,172.74573067732098,0.051374852398044006,0.035610334091387544,1.0,1.0,0.0,0.0,0.0,0.0,0.8094811698293545,0.8274131274131274,249.21940898291146,172.74573067732098,0.11629463788283316,0.08060930036272561,0.0,0.0,0.0,0.0,0.0,0.0,0.8094811698293545,0.8274131274131274,249.21940898291146,172.74573067732098,0.11629463788283316,0.08060930036272561
173,0.9070014028989554,0.9156285390713477,246.35348432597723,170.7592230816698,0.05078406191011693,0.03520082933037926,1.0,1.0,0.0,0.0,0.0,0.0,0.8097658040767116,0.8274131274131274,246.35348432597723,170.7592230816698,0.11495729553242055,0.0796823252830937,0.0,0.0,0.0,0.0,0.0,0.0,0.8097658040767116,0.8274131274131274,246.35348432597723,170.7592230816698,0.11495729553242055,0.0796823252830937
174,0.9071383415683509,0.9156285390713477,243.51518140871426,168.7918614169939,0.050198965452218976,0.03479527137023168,1.0,1.0,0.0,0.0,0.0,0.0,0.8100459203201589,0.8274131274131274,243.51518140871426,168.7918614169939,0.11363284246790213,0.07876428437563877,0.0,0.0,0.0,0.0,0.0,0.0,0.8100459203201589,0.8274131274131274,243.51518140871426,168.7918614169939,0.11363284246790213,0.07876428437563877
175,0.9072731066080918,0.9156285390713477,240.70436410798584,166.84355132992488,0.04961953496350976,0.03439364076065242,1.0,1.0,0.0,0.0,0.0,0.0,0.8103215902740162,0.8274131274131274,240.70436410798584,166.84355132992488,0.1123212151693821,0.07785513361172416,0.0,0.0,0.0,0.0,0.0,0.0,0.8103215902740162,0.8274131274131274,240.70436410798584,166.84355132992488,0.1123212151693821,0.07785513361172416
176,0.9074057325202092,0.9156285390713477,237.92089303626676,164.91419620439262,0.04904574171021785,0.03399591758490881,1.0,1.0,0.0,0.0,0.0,0.0,0.8105928845143208,0.8274131274131274,237.92089303626676,164.91419620439262,0.11102234859368491,0.07695482790685611,0.0,0.0,0.0,0.0,0.0,0.0,0.8105928845143208,0.8274131274131274,237.92089303626676,164.91419620439262,0.11102234859368491,0.07695482790685611
177,0.9075362532591118,0.9156285390713477,235.16462570113637,163.00369727217753,0.04847755631851915,0.03360208148261751,1.0,1.0,0.0,0.0,0.0,0.0,0.8108598724968391,0.8274131274131274,235.16462570113637,163.00369727217753,0.10973617624878039,0.07606332117227137,0.0,0.0,0.0,0.0,0.0,0.0,0.8108598724968391,0.8274131274131274,235.16462570113637,163.00369727217753,0.10973617624878039,0.07606332117227137
178,0.9076647022402737,0.9156285390713477,232.43541665989068,161.11195372007936,0.047914948806409126,0.0332121116718366,1.0,1.0,0.0,0.0,0.0,0.0,0.811122622574863,0.8274131274131274,232.43541665989068,161.11195372007936,0.10846263026593125,0.07518056636494604,0.0,0.0,0.0,0.0,0.0,0.0,0.811122622574863,0.8274131274131274,232.43541665989068,161.11195372007936,0.10846263026593125,0.07518056636494604
179,0.9077911123486866,0.9156285390713477,229.73311766914622,159.23886279361486,0.04735788861454261,0.032825986970442145,1.0,1.0,0.0,0.0,0.0,0.0,0.811381202016761,0.8274131274131274,229.73311766914622,159.23886279361486,0.1072016414695036,0.07430651553598454,0.0,0.0,0.0,0.0,0.0,0.0,0.811381202016761,0.8274131274131274,229.73311766914622,159.23886279361486,0.1072016414695036,0.07430651553598454
180,0.9079155159474649,0.9156285390713477,227.057577829824,157.38431989751285,0.04680634463612121,0.032443685816844536,1.0,1.0,0.0,0.0,0.0,0.0,0.8116356770230381,0.8274131274131274,227.057577829824,157.38431989751285,0.10595313944462156,0.07344111987751416,0.0,0.0,0.0,0.0,0.0,0.0,0.8116356770230381,0.8274131274131274,227.057577829824,157.38431989751285,0.10595313944462156,0.07344111987751416
181,0.9080379448859366,0.9156285390713477,224.40864372745264,155.54821869296504,0.04626028524581584,0.03206518629003608,1.0,1.0,0.0,0.0,0.0,0.0,0.8118861127435024,0.8274131274131274,224.40864372745264,155.54821869296504,0.10471705260263772,0.07258432976806581,0.0,0.0,0.0,0.0,0.0,0.0,0.8118861127435024,0.8274131274131274,224.40864372745264,155.54821869296504,0.10471705260263772,0.07258432976806581
182,0.9081584305079358,0.9156285390713477,221.78615956807957,153.7304511918325,0.045719678327783876,0.031690466129011025,1.0,1.0,0.0,0.0,0.0,0.0,0.8121325732938371,0.8274131274131274,221.78615956807957,153.7304511918325,0.10349330824455416,0.07173609481653406,0.0,0.0,0.0,0.0,0.0,0.0,0.8121325732938371,0.8274131274131274,221.78615956807957,153.7304511918325,0.10349330824455416,0.07173609481653406
183,0.9082770036597241,0.9156285390713477,219.18996730987783,151.93090784786838,0.045184491302798974,0.03131950275157048,1.0,1.0,0.0,0.0,0.0,0.0,0.8123751217719175,0.8274131274131274,219.18996730987783,151.93090784786838,0.10228183262243483,0.07089636390474494,0.0,0.0,0.0,0.0,0.0,0.0,0.8123751217719175,0.8274131274131274,219.18996730987783,151.93090784786838,0.10228183262243483,0.07089636390474494
184,0.9083936946980168,0.9156285390713477,216.61990679047148,150.14947764497344,0.04465469115449835,0.030952273272515655,1.0,1.0,0.0,0.0,0.0,0.0,0.8126138202741405,0.8274131274131274,216.61990679047148,150.14947764497344,0.1010825509988201,0.07006508522863904,0.0,0.0,0.0,0.0,0.0,0.0,0.8126138202741405,0.8274131274131274,216.61990679047148,150.14947764497344,0.1010825509988201,0.07006508522863904
185,0.9085085334975849,0.9156285390713477,214.07581585026594,148.3860481826819,0.04413024445480642,0.03058875452127023,1.0,1.0,0.0,0.0,0.0,0.0,0.8128487299112882,0.8274131274131274,214.07581585026594,148.3860481826819,0.09989538770427715,0.06924220633816233,0.0,0.0,0.0,0.0,0.0,0.0,0.8128487299112882,0.8274131274131274,214.07581585026594,148.3860481826819,0.09989538770427715,0.06924220633816233
186,0.9086215494590711,0.9156285390713477,211.5575304518081,146.64050575889556,0.043611117388540115,0.030228923058935386,1.0,1.0,0.0,0.0,0.0,0.0,0.8130799108240002,0.8274131274131274,211.5575304518081,146.64050575889556,0.09872026619309758,0.06842767417587287,0.0,0.0,0.0,0.0,0.0,0.0,0.8130799108240002,0.8274131274131274,211.5575304518081,146.64050575889556,0.09872026619309758,0.06842767417587287
187,0.9087327715164132,0.9156285390713477,209.06488479530245,144.91273544995366,0.043097275777221694,0.029872755194795642,1.0,1.0,0.0,0.0,0.0,0.0,0.8133074221984502,0.8274131274131274,209.06488479530245,144.91273544995366,0.09755710909720133,0.06762143511430409,0.0,0.0,0.0,0.0,0.0,0.0,0.8133074221984502,0.8274131274131274,209.06488479530245,144.91273544995366,0.09755710909720133,0.06762143511430409
188,0.9088422281442724,0.9156285390713477,206.59771143037838,143.20262118810396,0.042588685102118815,0.029520227002289005,1.0,1.0,0.0,0.0,0.0,0.0,0.8135313222812037,0.8274131274131274,206.59771143037838,143.20262118810396,0.09640583827829136,0.06682343499211571,0.0,0.0,0.0,0.0,0.0,0.0,0.8135313222812037,0.8274131274131274,206.59771143037838,143.20262118810396,0.09640583827829136,0.06682343499211571
189,0.9089499473653404,0.9156285390713477,204.15584136431423,141.51004583651786,0.04208531052655416,0.029171314334470802,1.0,1.0,0.0,0.0,0.0,0.0,0.8137516683944233,0.8274131274131274,204.15584136431423,141.51004583651786,0.09526637487835475,0.0660336191490984,0.0,0.0,0.0,0.0,0.0,0.0,0.8137516683944233,0.8274131274131274,204.15584136431423,141.51004583651786,0.09526637487835475,0.0660336191490984
190,0.9090559567574946,0.9156285390713477,201.73910416664592,139.83489126179973,0.04158711691746978,0.028825992838960982,1.0,1.0,0.0,0.0,0.0,0.0,0.8139685169502588,0.8274131274131274,201.73910416664592,139.83489126179973,0.09413863936847686,0.06525193246000921,0.0,0.0,0.0,0.0,0.0,0.0,0.8139685169502588,0.8274131274131274,201.73910416664592,139.83489126179973,0.09413863936847686,0.06525193246000921
191,0.9091602834609017,0.9156285390713477,199.347328070467,138.17703840420265,0.04109406886630942,0.028484237972418603,1.0,1.0,0.0,0.0,0.0,0.0,0.8141819234655471,0.8274131274131274,199.347328070467,138.17703840420265,0.09302255159611153,0.06447831936733675,0.0,0.0,0.0,0.0,0.0,0.0,0.8141819234655471,0.8274131274131274,199.347328070467,138.17703840420265,0.09302255159611153,0.06447831936733675
192,0.9092629541848629,0.9156285390713477,196.9803400703756,136.53636734552006,0.04060613070920956,0.02814602501453722,1.0,1.0,0.0,0.0,0.0,0.0,0.8143919425758194,0.8274131274131274,196.9803400703756,136.53636734552006,0.09191803083078656,0.06371272391298183,0.0,0.0,0.0,0.0,0.0,0.0,0.8143919425758194,0.8274131274131274,196.9803400703756,136.53636734552006,0.09191803083078656,0.06371272391298183
193,0.90936399521481,0.9156285390713477,194.63796601716996,134.9127573747238,0.0401232665465203,0.027811329081575718,1.0,1.0,0.0,0.0,0.0,0.0,0.8145986280494528,0.8274131274131274,194.63796601716996,134.9127573747238,0.09082499580829209,0.06295508976888652,0.0,0.0,0.0,0.0,0.0,0.0,0.8145986280494528,0.8274131274131274,194.63796601716996,134.9127573747238,0.09082499580829209,0.06295508976888652
194,0.9094634324188867,0.9156285390713477,192.32003070952567,133.30608705150982,0.03964544026170391,0.027480125139457807,1.0,1.0,0.0,0.0,0.0,0.0,0.8148020328012435,0.8274131274131274,192.32003070952567,133.30608705150982,0.08974336477346041,0.062205360266686806,0.0,0.0,0.0,0.0,0.0,0.0,0.8148020328012435,0.8274131274131274,192.32003070952567,133.30608705150982,0.08974336477346041,0.062205360266686806
195,0.9095612912546355,0.9156285390713477,190.02635798253584,131.71623426766956,0.039172615539586855,0.027152388016423327,1.0,1.0,0.0,0.0,0.0,0.0,0.8150022089061865,0.8274131274131274,190.02635798253584,131.71623426766956,0.08867305552148196,0.06146347842635071,0.0,0.0,0.0,0.0,0.0,0.0,0.8150022089061865,0.8274131274131274,190.02635798253584,131.71623426766956,0.08867305552148196,0.06146347842635071
196,0.9096575967755183,0.9156285390713477,187.75677079337305,130.1430763064664,0.03870475588401836,0.026828092415268276,1.0,1.0,0.0,0.0,0.0,0.0,0.8151992076126577,0.8274131274131274,187.75677079337305,130.1430763064664,0.08761398543787823,0.0607293869838854,0.0,0.0,0.0,0.0,0.0,0.0,0.8151992076126577,0.8274131274131274,187.75677079337305,130.1430763064664,0.08761398543787823,0.0607293869838854
197,0.9097523736373709,0.9156285390713477,185.51109130409895,128.58648990003476,0.03824182463494103,0.026507212925177236,1.0,1.0,0.0,0.0,0.0,0.0,0.815393079355529,0.8274131274131274,185.51109130409895,128.58648990003476,0.0865660715371437,0.06000302841812168,0.0,0.0,0.0,0.0,0.0,0.0,0.815393079355529,0.8274131274131274,185.51109130409895,128.58648990003476,0.0865660715371437,0.06000302841812168
198,0.9098456461045722,0.9156285390713477,183.28914096164792,127.04635128482063,0.03778378498487898,0.02618972403315206,1.0,1.0,0.0,0.0,0.0,0.0,0.8155838737691357,0.8274131274131274,183.28914096164792,127.04635128482063,0.08552923050006903,0.059284344976584524,0.0,0.0,0.0,0.0,0.0,0.0,0.8155838737691357,0.8274131274131274,183.28914096164792,127.04635128482063,0.08552923050006903,0.059284344976584524
199,0.9099374380564208,0.9156285390713477,181.09074057520377,125.52253625521497,0.03733059999488843,0.02587560013506802,1.0,1.0,0.0,0.0,0.0,0.0,0.8157716396999966,0.8274131274131274,181.09074057520377,125.52253625521497,0.08450337870984777,0.05857327870052029,0.0,0.0,0.0,0.0,0.0,0.0,0.8157716396999966,0.8274131274131274,181.09074057520377,125.52253625521497,0.08450337870984777,0.05857327870052029
200,0.9100277729931843,0.9156285390713477,178.91571039084957,124.01492021529708,0.03688223260994632,0.02556481554634036,1.0,1.0,0.0,0.0,0.0,0.0,0.8159564252192343,0.8274131274131274,178.91571039084957,124.01492021529708,0.08348843228691068,0.05786977144904203,0.0,0.0,0.0,0.0,0.0,0.0,0.8159564252192343,0.8274131274131274,178.91571039084957,124.01492021529708,0.08348843228691068,0.05786977144904203
