epoch,observed_count_all,total_count_all,realized_coverage_all,new_count_all,observed_count_rank0,total_count_rank0,realized_coverage_rank0,new_count_rank0,observed_count_rank1,total_count_rank1,realized_coverage_rank1,new_count_rank1,observed_count_rank2,total_count_rank2,realized_coverage_rank2,new_count_rank2,observed_count_rank1_2,total_count_rank1_2,realized_coverage_rank1_2,new_count_rank1_2
0,0,1317280,0.0,0,0,2708,0.0,0,0,5278,0.0,0,0,1309294,0.0,0,0,1314572,0.0,0
1,120263,1317280,0.09129645937082473,120263,2708,2708,1.0,2708,4022,5278,0.7620310723759,4022,113533,1309294,0.08671314464131051,113533,117555,1314572,0.0894245427409073,117555
2,123301,1317280,0.09360272683104578,3038,2708,2708,1.0,0,4052,5278,0.7677150435771125,30,116541,1309294,0.08901056599969144,3008,120593,1314572,0.09173556107995606,3038
3,177322,1317280,0.13461223126442365,54021,2708,2708,1.0,0,4096,5278,0.7760515346722243,44,170518,1309294,0.1302366007940157,53977,174614,1314572,0.13282954452095436,54021
4,177386,1317280,0.13466081622737763,64,2708,2708,1.0,0,4117,5278,0.7800303145130731,21,170561,1309294,0.1302694429211468,43,174678,1314572,0.1328782295682549,64
5,241628,1317280,0.18342949107251305,64242,2708,2708,1.0,0,4157,5278,0.7876089427813566,40,234763,1309294,0.17930503003908976,64202,238920,1314572,0.18174736720392645,64242
6,241835,1317280,0.1835866330620673,207,2708,2708,1.0,0,4177,5278,0.7913982569154983,20,234950,1309294,0.17944785510359018,187,239127,1314572,0.18190483290378923,207
7,242625,1317280,0.18418635369853031,790,2708,2708,1.0,0,4196,5278,0.7949981053429329,19,235721,1309294,0.18003672208075497,771,239917,1314572,0.1825057889564056,790
8,242760,1317280,0.18428883760476134,135,2708,2708,1.0,0,4207,5278,0.7970822281167109,11,235845,1309294,0.18013142961015632,124,240052,1314572,0.1826084839780552,135
9,246995,1317280,0.1875037957002308,4235,2708,2708,1.0,0,4243,5278,0.803902993558166,36,240044,1309294,0.18333850151302916,4199,244287,1314572,0.18583006484239736,4235
10,247316,1317280,0.18774747965504676,321,2708,2708,1.0,0,4253,5278,0.8057976506252368,10,240355,1309294,0.1835760341069309,311,244608,1314572,0.18607425078276427,321
11,247384,1317280,0.18779910117818535,68,2708,2708,1.0,0,4264,5278,0.8078817733990148,11,240412,1309294,0.1836195690196396,57,244676,1314572,0.18612597864552113,68
12,264473,1317280,0.20077204542694035,17089,2708,2708,1.0,0,4302,5278,0.815081470253884,38,257463,1309294,0.19664261808272243,17051,261765,1314572,0.19912564697863638,17089
13,264517,1317280,0.2008054475889712,44,2708,2708,1.0,0,4311,5278,0.8167866616142478,9,257498,1309294,0.19666935004666636,35,261809,1314572,0.19915911794865554,44
14,265023,1317280,0.201189572452326,506,2708,2708,1.0,0,4327,5278,0.8198181129215611,16,257988,1309294,0.19704359754188136,490,262315,1314572,0.19954403410387564,506
15,265037,1317280,0.20120020041297218,14,2708,2708,1.0,0,4335,5278,0.8213338385752179,8,257994,1309294,0.19704818016427172,6,262329,1314572,0.19955468395797263,14
16,269157,1317280,0.20432785740313372,4120,2708,2708,1.0,0,4356,5278,0.8253126184160667,21,262093,1309294,0.2001788750273048,4099,266449,1314572,0.2026887838779466,4120
17,273511,1317280,0.20763315316409572,4354,2708,2708,1.0,0,4399,5278,0.8334596438044714,43,266404,1309294,0.2034714892147982,4311,270803,1314572,0.20600088850211323,4354
18,275008,1317280,0.20876958581319083,1497,2708,2708,1.0,0,4419,5278,0.8372489579386131,20,267881,1309294,0.20459957809323193,1477,272300,1314572,0.20713966218662805,1497
19,275275,1317280,0.2089722762055144,267,2708,2708,1.0,0,4431,5278,0.8395225464190982,12,268136,1309294,0.2047943395448234,255,272567,1314572,0.2073427701183351,267
20,275469,1317280,0.2091195493744686,194,2708,2708,1.0,0,4444,5278,0.8419856006062902,13,268317,1309294,0.20493258198693343,181,272761,1314572,0.20749034666796493,194
21,275475,1317280,0.20912410421474553,6,2708,2708,1.0,0,4450,5278,0.8431223948465327,6,268317,1309294,0.20493258198693343,0,272767,1314572,0.20749491089114935,6
22,275481,1317280,0.20912865905502248,6,2708,2708,1.0,0,4455,5278,0.8440697233800682,5,268318,1309294,0.20493334575733183,1,272773,1314572,0.20749947511433378,6
23,275684,1317280,0.2092827644843921,203,2708,2708,1.0,0,4471,5278,0.8471011746873816,16,268505,1309294,0.20507617082183222,187,272976,1314572,0.20765389799874026,203
24,276910,1317280,0.210213470180979,1226,2708,2708,1.0,0,4487,5278,0.850132625994695,16,269715,1309294,0.2060003330038937,1210,274202,1314572,0.20858652093609176,1226
25,276911,1317280,0.21021422932102515,1,2708,2708,1.0,0,4488,5278,0.850322091701402,1,269715,1309294,0.2060003330038937,0,274203,1314572,0.20858728163995582,1
26,277012,1317280,0.21029090246568688,101,2708,2708,1.0,0,4497,5278,0.8520272830617658,9,269807,1309294,0.20607059988054632,92,274304,1314572,0.20866411273022703,101
27,277283,1317280,0.21049662941819508,271,2708,2708,1.0,0,4512,5278,0.8548692686623721,15,270063,1309294,0.20626612510253617,256,274575,1314572,0.20887026347739035,271
28,286788,1317280,0.21771225555690513,9505,2708,2708,1.0,0,4540,5278,0.8601743084501705,28,279540,1309294,0.2135043771681532,9477,284080,1314572,0.21610075370538853,9505
29,287111,1317280,0.21795745779181344,323,2708,2708,1.0,0,4556,5278,0.8632057597574839,16,279847,1309294,0.2137388546804614,307,284403,1314572,0.21634646105348357,323
30,287151,1317280,0.21798782339365966,40,2708,2708,1.0,0,4565,5278,0.8649109511178477,9,279878,1309294,0.21376253156281172,31,284443,1314572,0.21637688920804643,40
31,294699,1317280,0.223717812462043,7548,2708,2708,1.0,0,4596,5278,0.8707843880257673,31,287395,1309294,0.21950379364756883,7517,291991,1314572,0.22211868197405696,7548
32,294712,1317280,0.22372768128264303,13,2708,2708,1.0,0,4600,5278,0.8715422508525957,4,287404,1309294,0.21951066758115442,9,292004,1314572,0.22212857112428988,13
33,294870,1317280,0.22384762540993564,158,2708,2708,1.0,0,4608,5278,0.8730579765062524,8,287554,1309294,0.21962523314091412,150,292162,1314572,0.22224876233481317,158
34,294981,1317280,0.22393188995505892,111,2708,2708,1.0,0,4618,5278,0.8749526335733232,10,287655,1309294,0.2197023739511523,101,292273,1314572,0.22233320046372507,111
35,298420,1317280,0.2265425725737884,3439,2708,2708,1.0,0,4636,5278,0.8783630162940508,18,291076,1309294,0.22231523248407156,3421,295712,1314572,0.22494926105226645,3439
36,298640,1317280,0.22670958338394268,220,2708,2708,1.0,0,4648,5278,0.8806366047745358,12,291284,1309294,0.22247409672693833,208,295932,1314572,0.22511661590236215,220
37,298686,1317280,0.22674450382606584,46,2708,2708,1.0,0,4658,5278,0.8825312618416067,10,291320,1309294,0.22250159246128065,36,295978,1314572,0.2251516082801094,46
38,298689,1317280,0.2267467812462043,3,2708,2708,1.0,0,4661,5278,0.8830996589617279,3,291320,1309294,0.22250159246128065,0,295981,1314572,0.22515389039170164,3
39,298701,1317280,0.22675589092675816,12,2708,2708,1.0,0,4663,5278,0.8834785903751421,2,291330,1309294,0.22250923016526464,10,295993,1314572,0.2251630188380705,12
40,299246,1317280,0.22716962225191303,545,2708,2708,1.0,0,4676,5278,0.8859416445623343,13,291862,1309294,0.22291555601721233,532,296538,1314572,0.22557760244398936,545
41,299539,1317280,0.22739205028543666,293,2708,2708,1.0,0,4695,5278,0.8895414929897688,19,292136,1309294,0.22312482910637335,274,296831,1314572,0.2258004886761623,293
42,323538,1317280,0.24561065225312767,23999,2708,2708,1.0,0,4728,5278,0.8957938613111027,33,316102,1309294,0.2414293504743778,23966,320830,1314572,0.24405662071001055,23999
43,326081,1317280,0.24754114539050165,2543,2708,2708,1.0,0,4750,5278,0.8999621068586586,22,318623,1309294,0.24335481564873893,2521,323373,1314572,0.245991090636344,2543
44,326142,1317280,0.24758745293331713,61,2708,2708,1.0,0,4761,5278,0.9020462296324365,11,318673,1309294,0.24339300416865883,50,323434,1314572,0.24603749357205235,61
45,326142,1317280,0.24758745293331713,0,2708,2708,1.0,0,4761,5278,0.9020462296324365,0,318673,1309294,0.24339300416865883,0,323434,1314572,0.24603749357205235,0
46,326142,1317280,0.24758745293331713,0,2708,2708,1.0,0,4761,5278,0.9020462296324365,0,318673,1309294,0.24339300416865883,0,323434,1314572,0.24603749357205235,0
47,326301,1317280,0.2477081562006559,159,2708,2708,1.0,0,4769,5278,0.9035619552860932,8,318824,1309294,0.24350833349881693,151,323593,1314572,0.2461584454864397,159
48,326304,1317280,0.24771043362079437,3,2708,2708,1.0,0,4772,5278,0.9041303524062144,3,318824,1309294,0.24350833349881693,0,323596,1314572,0.2461607275980319,3
49,326348,1317280,0.24774383578282522,44,2708,2708,1.0,0,4779,5278,0.9054566123531641,7,318861,1309294,0.24353659300355765,37,323640,1314572,0.24619419856805105,44
50,326414,1317280,0.2477939390258715,66,2708,2708,1.0,0,4789,5278,0.9073512694202349,10,318917,1309294,0.24357936414586792,56,323706,1314572,0.24624440502307976,66
51,327605,1317280,0.24869807482084294,1191,2708,2708,1.0,0,4805,5278,0.9103827207275483,16,320092,1309294,0.24447679436398548,1175,324897,1314572,0.24715040332518873,1191
52,327649,1317280,0.2487314769828738,44,2708,2708,1.0,0,4809,5278,0.9111405835543767,4,320132,1309294,0.2445073451799214,40,324941,1314572,0.24718387429520788,44
53,327650,1317280,0.24873223612291995,1,2708,2708,1.0,0,4810,5278,0.9113300492610837,1,320132,1309294,0.2445073451799214,0,324942,1314572,0.24718463499907195,1
54,329213,1317280,0.24991877201506135,1563,2708,2708,1.0,0,4832,5278,0.9154982948086396,22,321673,1309294,0.24568431536385257,1541,326505,1314572,0.24837361513861544,1563
55,329483,1317280,0.2501237398275234,270,2708,2708,1.0,0,4841,5278,0.9172034861690034,9,321934,1309294,0.24588365943783444,261,326775,1314572,0.24857900518191473,270
56,329579,1317280,0.2501966172719543,96,2708,2708,1.0,0,4847,5278,0.918340280409246,6,322024,1309294,0.24595239877369024,90,326871,1314572,0.24865203275286557,96
57,329581,1317280,0.2501981355520466,2,2708,2708,1.0,0,4849,5278,0.9187192118226601,2,322024,1309294,0.24595239877369024,0,326873,1314572,0.2486535541605937,2
58,329624,1317280,0.25023077857403137,43,2708,2708,1.0,0,4855,5278,0.9198560060629026,6,322061,1309294,0.24598065827843096,37,326916,1314572,0.2486862644267488,43
59,329626,1317280,0.2502322968541236,2,2708,2708,1.0,0,4857,5278,0.9202349374763168,2,322061,1309294,0.24598065827843096,0,326918,1314572,0.24868778583447693,2
60,329833,1317280,0.25038943884367787,207,2708,2708,1.0,0,4869,5278,0.9225085259568018,12,322256,1309294,0.24612959350611857,195,327125,1314572,0.2488452515343397,207
61,329833,1317280,0.25038943884367787,0,2708,2708,1.0,0,4869,5278,0.9225085259568018,0,322256,1309294,0.24612959350611857,0,327125,1314572,0.2488452515343397,0
62,329836,1317280,0.25039171626381634,3,2708,2708,1.0,0,4872,5278,0.9230769230769231,3,322256,1309294,0.24612959350611857,0,327128,1314572,0.2488475336459319,3
63,329911,1317280,0.25044865176727804,75,2708,2708,1.0,0,4879,5278,0.9244031830238727,7,322324,1309294,0.24618152989320963,68,327203,1314572,0.24890458643573726,75
64,329925,1317280,0.2504592797279242,14,2708,2708,1.0,0,4883,5278,0.925161045850701,4,322334,1309294,0.24618916759719361,10,327217,1314572,0.24891523628983425,14
65,329925,1317280,0.2504592797279242,0,2708,2708,1.0,0,4883,5278,0.925161045850701,0,322334,1309294,0.24618916759719361,0,327217,1314572,0.24891523628983425,0
66,329927,1317280,0.2504607980080165,2,2708,2708,1.0,0,4885,5278,0.9255399772641152,2,322334,1309294,0.24618916759719361,0,327219,1314572,0.2489167576975624,2
67,329930,1317280,0.250463075428155,3,2708,2708,1.0,0,4887,5278,0.9259189086775294,2,322335,1309294,0.246189931367592,1,327222,1314572,0.2489190398091546,3
68,329930,1317280,0.250463075428155,0,2708,2708,1.0,0,4887,5278,0.9259189086775294,0,322335,1309294,0.246189931367592,0,327222,1314572,0.2489190398091546,0
69,329930,1317280,0.250463075428155,0,2708,2708,1.0,0,4887,5278,0.9259189086775294,0,322335,1309294,0.246189931367592,0,327222,1314572,0.2489190398091546,0
70,329944,1317280,0.25047370338880115,14,2708,2708,1.0,0,4893,5278,0.9270557029177718,6,322343,1309294,0.24619604153077917,8,327236,1314572,0.2489296896632516,14
71,330298,1317280,0.2507424389651403,354,2708,2708,1.0,0,4903,5278,0.9289503599848428,10,322687,1309294,0.24645877854782808,344,327590,1314572,0.24919897883113287,354
72,330716,1317280,0.2510597595044334,418,2708,2708,1.0,0,4911,5278,0.9304660856384994,8,323097,1309294,0.2467719244111712,410,328008,1314572,0.2495169530463147,418
73,330887,1317280,0.251189572452326,171,2708,2708,1.0,0,4916,5278,0.9314134141720348,5,323263,1309294,0.24689871029730526,166,328179,1314572,0.2496470334070709,171
74,330887,1317280,0.251189572452326,0,2708,2708,1.0,0,4916,5278,0.9314134141720348,0,323263,1309294,0.24689871029730526,0,328179,1314572,0.2496470334070709,0
75,330892,1317280,0.2511933681525568,5,2708,2708,1.0,0,4920,5278,0.9321712769988632,4,323264,1309294,0.24689947406770366,1,328184,1314572,0.24965083692639126,5
76,330956,1317280,0.25124195311551073,64,2708,2708,1.0,0,4930,5278,0.9340659340659341,10,323318,1309294,0.24694071766921716,54,328248,1314572,0.24969952197369183,64
77,330956,1317280,0.25124195311551073,0,2708,2708,1.0,0,4930,5278,0.9340659340659341,0,323318,1309294,0.24694071766921716,0,328248,1314572,0.24969952197369183,0
78,330957,1317280,0.2512427122555569,1,2708,2708,1.0,0,4931,5278,0.9342553997726412,1,323318,1309294,0.24694071766921716,0,328249,1314572,0.2497002826775559,1
79,330959,1317280,0.2512442305356492,2,2708,2708,1.0,0,4933,5278,0.9346343311860553,2,323318,1309294,0.24694071766921716,0,328251,1314572,0.24970180408528403,2
80,331122,1317280,0.2513679703631726,163,2708,2708,1.0,0,4938,5278,0.9355816597195907,5,323476,1309294,0.247061393392164,158,328414,1314572,0.24982579881512765,163
81,332135,1317280,0.25213697922992834,1013,2708,2708,1.0,0,4954,5278,0.9386131110269041,16,324473,1309294,0.24782287247936674,997,329427,1314572,0.25059639182943194,1013
82,332135,1317280,0.25213697922992834,0,2708,2708,1.0,0,4954,5278,0.9386131110269041,0,324473,1309294,0.24782287247936674,0,329427,1314572,0.25059639182943194,0
83,334285,1317280,0.25376913032916315,2150,2708,2708,1.0,0,4967,5278,0.9410761652140962,13,326610,1309294,0.2494550498207431,2137,331577,1314572,0.25223190513718535,2150
84,334990,1317280,0.2543043240617029,705,2708,2708,1.0,0,4973,5278,0.9422129594543388,6,327309,1309294,0.24998892532922323,699,332282,1314572,0.25276820136135564,705
85,336123,1317280,0.25516442973399733,1133,2708,2708,1.0,0,4980,5278,0.9435392194012884,7,328435,1309294,0.2508489307978193,1126,333415,1314572,0.25363007883934846,1133
86,336124,1317280,0.2551651888740435,1,2708,2708,1.0,0,4981,5278,0.9437286851079955,1,328435,1309294,0.2508489307978193,0,333416,1314572,0.2536308395432125,1
87,336640,1317280,0.25555690513785984,516,2708,2708,1.0,0,4991,5278,0.9456233421750663,10,328941,1309294,0.25123539861940863,506,333932,1314572,0.2540233627370734,516
88,336979,1317280,0.2558142536135066,339,2708,2708,1.0,0,5002,5278,0.9477074649488443,11,329269,1309294,0.25148591531008313,328,334271,1314572,0.25428124134699354,339
89,337343,1317280,0.2560905805903073,364,2708,2708,1.0,0,5007,5278,0.9486547934823797,5,329628,1309294,0.251760108883108,359,334635,1314572,0.25455813755351553,364
90,337415,1317280,0.25614523867363054,72,2708,2708,1.0,0,5014,5278,0.9499810534293293,7,329693,1309294,0.25180975395900385,65,334707,1314572,0.25461290823172866,72
91,337416,1317280,0.25614599781367664,1,2708,2708,1.0,0,5015,5278,0.9501705191360363,1,329693,1309294,0.25180975395900385,0,334708,1314572,0.25461366893559273,1
92,338011,1317280,0.2565976861411393,595,2708,2708,1.0,0,5025,5278,0.9520651762031073,10,330278,1309294,0.2522565596420666,585,335303,1314572,0.2550662877347152,595
93,338011,1317280,0.2565976861411393,0,2708,2708,1.0,0,5025,5278,0.9520651762031073,0,330278,1309294,0.2522565596420666,0,335303,1314572,0.2550662877347152,0
94,338208,1317280,0.256747236730232,197,2708,2708,1.0,0,5029,5278,0.9528230390299356,4,330471,1309294,0.2524039673289574,193,335500,1314572,0.25521614639593726,197
95,338242,1317280,0.2567730474918013,34,2708,2708,1.0,0,5033,5278,0.9535809018567639,4,330501,1309294,0.2524268804409094,30,335534,1314572,0.25524201032731564,34
96,338293,1317280,0.25681176363415525,51,2708,2708,1.0,0,5039,5278,0.9547176960970064,6,330546,1309294,0.2524612501088373,45,335585,1314572,0.2552808062243833,51
97,338335,1317280,0.2568436475160938,42,2708,2708,1.0,0,5043,5278,0.9554755589238347,4,330584,1309294,0.2524902733839764,38,335627,1314572,0.2553127557866743,42
98,338335,1317280,0.2568436475160938,0,2708,2708,1.0,0,5043,5278,0.9554755589238347,0,330584,1309294,0.2524902733839764,0,335627,1314572,0.2553127557866743,0
99,338977,1317280,0.25733101542572573,642,2708,2708,1.0,0,5053,5278,0.9573702159909057,10,331216,1309294,0.2529729762757639,632,336269,1314572,0.2558011276674081,642
100,338992,1317280,0.25734240252641805,15,2708,2708,1.0,0,5058,5278,0.9583175445244411,5,331226,1309294,0.25298061397974786,10,336284,1314572,0.25581253822536915,15
101,338992,1317280,0.25734240252641805,0,2708,2708,1.0,0,5058,5278,0.9583175445244411,0,331226,1309294,0.25298061397974786,0,336284,1314572,0.25581253822536915,0
102,339186,1317280,0.2574896756953723,194,2708,2708,1.0,0,5063,5278,0.9592648730579765,5,331415,1309294,0.2531249665850451,189,336478,1314572,0.255960114774999,194
103,339194,1317280,0.25749574881574155,8,2708,2708,1.0,0,5068,5278,0.9602122015915119,5,331418,1309294,0.25312725789624024,3,336486,1314572,0.25596620040591156,8
104,339275,1317280,0.25755723915948014,81,2708,2708,1.0,0,5073,5278,0.9611595301250474,5,331494,1309294,0.2531853044465185,76,336567,1314572,0.25602781741890135,81
105,339276,1317280,0.2575579982995263,1,2708,2708,1.0,0,5074,5278,0.9613489958317545,1,331494,1309294,0.2531853044465185,0,336568,1314572,0.2560285781227654,1
106,339564,1317280,0.25777663063281914,288,2708,2708,1.0,0,5078,5278,0.9621068586585828,4,331778,1309294,0.2534022152396635,284,336856,1314572,0.256247660835618,288
107,339593,1317280,0.25779864569415767,29,2708,2708,1.0,0,5081,5278,0.962675255778704,3,331804,1309294,0.25342207327002186,26,336885,1314572,0.25626972124767605,29
108,339594,1317280,0.2577994048342038,1,2708,2708,1.0,0,5082,5278,0.9628647214854111,1,331804,1309294,0.25342207327002186,0,336886,1314572,0.2562704819515401,1
109,339594,1317280,0.2577994048342038,0,2708,2708,1.0,0,5082,5278,0.9628647214854111,0,331804,1309294,0.25342207327002186,0,336886,1314572,0.2562704819515401,0
110,340418,1317280,0.2584249362322361,824,2708,2708,1.0,0,5097,5278,0.9657067070860175,15,332613,1309294,0.2540399635223258,809,337710,1314572,0.2568973019355349,824
111,342090,1317280,0.2596942183894085,1672,2708,2708,1.0,0,5110,5278,0.9681697612732095,13,334272,1309294,0.2553070586132679,1659,339382,1314572,0.2581691987962622,1672
112,342091,1317280,0.25969497752945464,1,2708,2708,1.0,0,5111,5278,0.9683592269799166,1,334272,1309294,0.2553070586132679,0,339383,1314572,0.2581699595001263,1
113,342105,1317280,0.2597056054901008,14,2708,2708,1.0,0,5116,5278,0.969306555513452,5,334281,1309294,0.2553139325468535,9,339397,1314572,0.25818060935422327,14
114,342200,1317280,0.2597777237944856,95,2708,2708,1.0,0,5121,5278,0.9702538840469875,5,334371,1309294,0.2553826718827093,90,339492,1314572,0.25825287622131005,95
115,342200,1317280,0.2597777237944856,0,2708,2708,1.0,0,5121,5278,0.9702538840469875,0,334371,1309294,0.2553826718827093,0,339492,1314572,0.25825287622131005,0
116,342200,1317280,0.2597777237944856,0,2708,2708,1.0,0,5121,5278,0.9702538840469875,0,334371,1309294,0.2553826718827093,0,339492,1314572,0.25825287622131005,0
117,342204,1317280,0.25978076035467024,4,2708,2708,1.0,0,5123,5278,0.9706328154604017,2,334373,1309294,0.2553841994235061,2,339496,1314572,0.2582559190367663,4
118,342204,1317280,0.25978076035467024,0,2708,2708,1.0,0,5123,5278,0.9706328154604017,0,334373,1309294,0.2553841994235061,0,339496,1314572,0.2582559190367663,0
119,342455,1317280,0.25997130450625533,251,2708,2708,1.0,0,5130,5278,0.9719590754073513,7,334617,1309294,0.2555705594007152,244,339747,1314572,0.25844685570664827,251
120,342455,1317280,0.25997130450625533,0,2708,2708,1.0,0,5130,5278,0.9719590754073513,0,334617,1309294,0.2555705594007152,0,339747,1314572,0.25844685570664827,0
121,342842,1317280,0.2602650917041176,387,2708,2708,1.0,0,5135,5278,0.9729064039408867,5,334999,1309294,0.2558623196929032,382,340134,1314572,0.25874124810204385,387
122,342843,1317280,0.2602658508441637,1,2708,2708,1.0,0,5136,5278,0.9730958696475938,1,334999,1309294,0.2558623196929032,0,340135,1314572,0.2587420088059079,1
123,342851,1317280,0.26027192396453297,8,2708,2708,1.0,0,5141,5278,0.9740431981811292,5,335002,1309294,0.2558646110040984,3,340143,1314572,0.2587480944368205,8
124,342852,1317280,0.26027268310457913,1,2708,2708,1.0,0,5142,5278,0.9742326638878362,1,335002,1309294,0.2558646110040984,0,340144,1314572,0.2587488551406846,1
125,342852,1317280,0.26027268310457913,0,2708,2708,1.0,0,5142,5278,0.9742326638878362,0,335002,1309294,0.2558646110040984,0,340144,1314572,0.2587488551406846,0
126,342853,1317280,0.2602734422446253,1,2708,2708,1.0,0,5143,5278,0.9744221295945434,1,335002,1309294,0.2558646110040984,0,340145,1314572,0.25874961584454864,1
127,342863,1317280,0.26028103364508687,10,2708,2708,1.0,0,5146,5278,0.9749905267146647,3,335009,1309294,0.25586995739688717,7,340155,1314572,0.25875722288318936,10
128,342917,1317280,0.26032202720757924,54,2708,2708,1.0,0,5150,5278,0.975748389541493,4,335059,1309294,0.25590814591680705,50,340209,1314572,0.2587983008918492,54
129,342920,1317280,0.2603243046277177,3,2708,2708,1.0,0,5153,5278,0.9763167866616143,3,335059,1309294,0.25590814591680705,0,340212,1314572,0.25880058300344144,3
130,342920,1317280,0.2603243046277177,0,2708,2708,1.0,0,5153,5278,0.9763167866616143,0,335059,1309294,0.25590814591680705,0,340212,1314572,0.25880058300344144,0
131,342921,1317280,0.2603250637677639,1,2708,2708,1.0,0,5154,5278,0.9765062523683213,1,335059,1309294,0.25590814591680705,0,340213,1314572,0.2588013437073055,1
132,342985,1317280,0.26037364873071783,64,2708,2708,1.0,0,5157,5278,0.9770746494884426,3,335120,1309294,0.25595473591110934,61,340277,1314572,0.25885002875460605,64
133,342985,1317280,0.26037364873071783,0,2708,2708,1.0,0,5157,5278,0.9770746494884426,0,335120,1309294,0.25595473591110934,0,340277,1314572,0.25885002875460605,0
134,343173,1317280,0.2605163670593951,188,2708,2708,1.0,0,5165,5278,0.9785903751420992,8,335300,1309294,0.256092214582821,180,340465,1314572,0.2589930410810515,188
135,343173,1317280,0.2605163670593951,0,2708,2708,1.0,0,5165,5278,0.9785903751420992,0,335300,1309294,0.256092214582821,0,340465,1314572,0.2589930410810515,0
136,343224,1317280,0.2605550832017491,51,2708,2708,1.0,0,5168,5278,0.9791587722622206,3,335348,1309294,0.2561288755619441,48,340516,1314572,0.2590318369781191,51
137,343224,1317280,0.2605550832017491,0,2708,2708,1.0,0,5168,5278,0.9791587722622206,0,335348,1309294,0.2561288755619441,0,340516,1314572,0.2590318369781191,0
138,343224,1317280,0.2605550832017491,0,2708,2708,1.0,0,5168,5278,0.9791587722622206,0,335348,1309294,0.2561288755619441,0,340516,1314572,0.2590318369781191,0
139,343224,1317280,0.2605550832017491,0,2708,2708,1.0,0,5168,5278,0.9791587722622206,0,335348,1309294,0.2561288755619441,0,340516,1314572,0.2590318369781191,0
140,343224,1317280,0.2605550832017491,0,2708,2708,1.0,0,5168,5278,0.9791587722622206,0,335348,1309294,0.2561288755619441,0,340516,1314572,0.2590318369781191,0
141,343225,1317280,0.26055584234179524,1,2708,2708,1.0,0,5169,5278,0.9793482379689277,1,335348,1309294,0.2561288755619441,0,340517,1314572,0.25903259768198317,1
142,343226,1317280,0.26055660148184134,1,2708,2708,1.0,0,5170,5278,0.9795377036756348,1,335348,1309294,0.2561288755619441,0,340518,1314572,0.25903335838584723,1
143,343226,1317280,0.26055660148184134,0,2708,2708,1.0,0,5170,5278,0.9795377036756348,0,335348,1309294,0.2561288755619441,0,340518,1314572,0.25903335838584723,0
144,343226,1317280,0.26055660148184134,0,2708,2708,1.0,0,5170,5278,0.9795377036756348,0,335348,1309294,0.2561288755619441,0,340518,1314572,0.25903335838584723,0
145,343300,1317280,0.2606127778452569,74,2708,2708,1.0,0,5175,5278,0.9804850322091702,5,335417,1309294,0.2561815757194335,69,340592,1314572,0.25908965047178856,74
146,343943,1317280,0.26110090489493504,643,2708,2708,1.0,0,5180,5278,0.9814323607427056,5,336055,1309294,0.2566688612336114,638,341235,1314572,0.25957878305638643,643
147,343945,1317280,0.26110242317502735,2,2708,2708,1.0,0,5182,5278,0.9818112921561197,2,336055,1309294,0.2566688612336114,0,341237,1314572,0.25958030446411456,2
148,343946,1317280,0.2611031823150735,1,2708,2708,1.0,0,5183,5278,0.9820007578628268,1,336055,1309294,0.2566688612336114,0,341238,1314572,0.25958106516797863,1
149,343946,1317280,0.2611031823150735,0,2708,2708,1.0,0,5183,5278,0.9820007578628268,0,336055,1309294,0.2566688612336114,0,341238,1314572,0.25958106516797863,0
150,343949,1317280,0.26110545973521193,3,2708,2708,1.0,0,5185,5278,0.982379689276241,2,336056,1309294,0.2566696250040098,1,341241,1314572,0.25958334727957083,3
151,343950,1317280,0.2611062188752581,1,2708,2708,1.0,0,5186,5278,0.9825691549829481,1,336056,1309294,0.2566696250040098,0,341242,1314572,0.2595841079834349,1
152,343956,1317280,0.26111077371553504,6,2708,2708,1.0,0,5188,5278,0.9829480863963622,2,336060,1309294,0.2566726800856034,4,341248,1314572,0.25958867220661935,6
153,344254,1317280,0.26133699744928945,298,2708,2708,1.0,0,5196,5278,0.984463812050019,8,336350,1309294,0.2568941735011388,290,341546,1314572,0.2598153619581126,298
154,344254,1317280,0.26133699744928945,0,2708,2708,1.0,0,5196,5278,0.984463812050019,0,336350,1309294,0.2568941735011388,0,341546,1314572,0.2598153619581126,0
155,344254,1317280,0.26133699744928945,0,2708,2708,1.0,0,5196,5278,0.984463812050019,0,336350,1309294,0.2568941735011388,0,341546,1314572,0.2598153619581126,0
156,344263,1317280,0.2613438297097048,9,2708,2708,1.0,0,5200,5278,0.9852216748768473,4,336355,1309294,0.25689799235313077,5,341555,1314572,0.25982220829288927,9
157,344263,1317280,0.2613438297097048,0,2708,2708,1.0,0,5200,5278,0.9852216748768473,0,336355,1309294,0.25689799235313077,0,341555,1314572,0.25982220829288927,0
158,344263,1317280,0.2613438297097048,0,2708,2708,1.0,0,5200,5278,0.9852216748768473,0,336355,1309294,0.25689799235313077,0,341555,1314572,0.25982220829288927,0
159,344263,1317280,0.2613438297097048,0,2708,2708,1.0,0,5200,5278,0.9852216748768473,0,336355,1309294,0.25689799235313077,0,341555,1314572,0.25982220829288927,0
160,344403,1317280,0.26145010931616663,140,2708,2708,1.0,0,5207,5278,0.9865479348237969,7,336488,1309294,0.2569995738161177,133,341695,1314572,0.2599287068338592,140
161,344506,1317280,0.2615283007409207,103,2708,2708,1.0,0,5214,5278,0.9878741947707464,7,336584,1309294,0.2570728957743639,96,341798,1314572,0.2600070593318586,103
162,344513,1317280,0.26153361472124376,7,2708,2708,1.0,0,5216,5278,0.9882531261841606,2,336589,1309294,0.2570767146263559,5,341805,1314572,0.2600123842589071,7
163,344513,1317280,0.26153361472124376,0,2708,2708,1.0,0,5216,5278,0.9882531261841606,0,336589,1309294,0.2570767146263559,0,341805,1314572,0.2600123842589071,0
164,344513,1317280,0.26153361472124376,0,2708,2708,1.0,0,5216,5278,0.9882531261841606,0,336589,1309294,0.2570767146263559,0,341805,1314572,0.2600123842589071,0
165,344514,1317280,0.2615343738612899,1,2708,2708,1.0,0,5217,5278,0.9884425918908678,1,336589,1309294,0.2570767146263559,0,341806,1314572,0.26001314496277117,1
166,344565,1317280,0.26157309000364387,51,2708,2708,1.0,0,5220,5278,0.989010989010989,3,336637,1309294,0.257113375605479,48,341857,1314572,0.2600519408598388,51
167,344744,1317280,0.26170897607190574,179,2708,2708,1.0,0,5225,5278,0.9899583175445245,5,336811,1309294,0.25724627165480024,174,342036,1314572,0.26018810685150756,179
168,344744,1317280,0.26170897607190574,0,2708,2708,1.0,0,5225,5278,0.9899583175445245,0,336811,1309294,0.25724627165480024,0,342036,1314572,0.26018810685150756,0
169,344744,1317280,0.26170897607190574,0,2708,2708,1.0,0,5225,5278,0.9899583175445245,0,336811,1309294,0.25724627165480024,0,342036,1314572,0.26018810685150756,0
170,344744,1317280,0.26170897607190574,0,2708,2708,1.0,0,5225,5278,0.9899583175445245,0,336811,1309294,0.25724627165480024,0,342036,1314572,0.26018810685150756,0
171,344745,1317280,0.2617097352119519,1,2708,2708,1.0,0,5226,5278,0.9901477832512315,1,336811,1309294,0.25724627165480024,0,342037,1314572,0.26018886755537163,1
172,344745,1317280,0.2617097352119519,0,2708,2708,1.0,0,5226,5278,0.9901477832512315,0,336811,1309294,0.25724627165480024,0,342037,1314572,0.26018886755537163,0
173,344745,1317280,0.2617097352119519,0,2708,2708,1.0,0,5226,5278,0.9901477832512315,0,336811,1309294,0.25724627165480024,0,342037,1314572,0.26018886755537163,0
174,344745,1317280,0.2617097352119519,0,2708,2708,1.0,0,5226,5278,0.9901477832512315,0,336811,1309294,0.25724627165480024,0,342037,1314572,0.26018886755537163,0
175,344745,1317280,0.2617097352119519,0,2708,2708,1.0,0,5226,5278,0.9901477832512315,0,336811,1309294,0.25724627165480024,0,342037,1314572,0.26018886755537163,0
176,344745,1317280,0.2617097352119519,0,2708,2708,1.0,0,5226,5278,0.9901477832512315,0,336811,1309294,0.25724627165480024,0,342037,1314572,0.26018886755537163,0
177,344745,1317280,0.2617097352119519,0,2708,2708,1.0,0,5226,5278,0.9901477832512315,0,336811,1309294,0.25724627165480024,0,342037,1314572,0.26018886755537163,0
178,344745,1317280,0.2617097352119519,0,2708,2708,1.0,0,5226,5278,0.9901477832512315,0,336811,1309294,0.25724627165480024,0,342037,1314572,0.26018886755537163,0
179,344745,1317280,0.2617097352119519,0,2708,2708,1.0,0,5226,5278,0.9901477832512315,0,336811,1309294,0.25724627165480024,0,342037,1314572,0.26018886755537163,0
180,344745,1317280,0.2617097352119519,0,2708,2708,1.0,0,5226,5278,0.9901477832512315,0,336811,1309294,0.25724627165480024,0,342037,1314572,0.26018886755537163,0
181,344746,1317280,0.26171049435199806,1,2708,2708,1.0,0,5227,5278,0.9903372489579386,1,336811,1309294,0.25724627165480024,0,342038,1314572,0.2601896282592357,1
182,344746,1317280,0.26171049435199806,0,2708,2708,1.0,0,5227,5278,0.9903372489579386,0,336811,1309294,0.25724627165480024,0,342038,1314572,0.2601896282592357,0
183,344746,1317280,0.26171049435199806,0,2708,2708,1.0,0,5227,5278,0.9903372489579386,0,336811,1309294,0.25724627165480024,0,342038,1314572,0.2601896282592357,0
184,344746,1317280,0.26171049435199806,0,2708,2708,1.0,0,5227,5278,0.9903372489579386,0,336811,1309294,0.25724627165480024,0,342038,1314572,0.2601896282592357,0
185,344746,1317280,0.26171049435199806,0,2708,2708,1.0,0,5227,5278,0.9903372489579386,0,336811,1309294,0.25724627165480024,0,342038,1314572,0.2601896282592357,0
186,344747,1317280,0.2617112534920442,1,2708,2708,1.0,0,5228,5278,0.9905267146646457,1,336811,1309294,0.25724627165480024,0,342039,1314572,0.26019038896309976,1
187,344747,1317280,0.2617112534920442,0,2708,2708,1.0,0,5228,5278,0.9905267146646457,0,336811,1309294,0.25724627165480024,0,342039,1314572,0.26019038896309976,0
188,344747,1317280,0.2617112534920442,0,2708,2708,1.0,0,5228,5278,0.9905267146646457,0,336811,1309294,0.25724627165480024,0,342039,1314572,0.26019038896309976,0
189,344747,1317280,0.2617112534920442,0,2708,2708,1.0,0,5228,5278,0.9905267146646457,0,336811,1309294,0.25724627165480024,0,342039,1314572,0.26019038896309976,0
190,344747,1317280,0.2617112534920442,0,2708,2708,1.0,0,5228,5278,0.9905267146646457,0,336811,1309294,0.25724627165480024,0,342039,1314572,0.26019038896309976,0
191,344748,1317280,0.2617120126320904,1,2708,2708,1.0,0,5229,5278,0.9907161803713528,1,336811,1309294,0.25724627165480024,0,342040,1314572,0.26019114966696383,1
192,344748,1317280,0.2617120126320904,0,2708,2708,1.0,0,5229,5278,0.9907161803713528,0,336811,1309294,0.25724627165480024,0,342040,1314572,0.26019114966696383,0
193,344748,1317280,0.2617120126320904,0,2708,2708,1.0,0,5229,5278,0.9907161803713528,0,336811,1309294,0.25724627165480024,0,342040,1314572,0.26019114966696383,0
194,344749,1317280,0.26171277177213653,1,2708,2708,1.0,0,5230,5278,0.9909056460780599,1,336811,1309294,0.25724627165480024,0,342041,1314572,0.2601919103708279,1
195,344749,1317280,0.26171277177213653,0,2708,2708,1.0,0,5230,5278,0.9909056460780599,0,336811,1309294,0.25724627165480024,0,342041,1314572,0.2601919103708279,0
196,344749,1317280,0.26171277177213653,0,2708,2708,1.0,0,5230,5278,0.9909056460780599,0,336811,1309294,0.25724627165480024,0,342041,1314572,0.2601919103708279,0
197,344756,1317280,0.26171808575245964,7,2708,2708,1.0,0,5232,5278,0.991284577491474,2,336816,1309294,0.2572500905067922,5,342048,1314572,0.2601972352978764,7
198,344757,1317280,0.26171884489250574,1,2708,2708,1.0,0,5233,5278,0.9914740431981811,1,336816,1309294,0.2572500905067922,0,342049,1314572,0.2601979960017405,1
199,344757,1317280,0.26171884489250574,0,2708,2708,1.0,0,5233,5278,0.9914740431981811,0,336816,1309294,0.2572500905067922,0,342049,1314572,0.2601979960017405,0
200,344757,1317280,0.26171884489250574,0,2708,2708,1.0,0,5233,5278,0.9914740431981811,0,336816,1309294,0.2572500905067922,0,342049,1314572,0.2601979960017405,0
